idna_subject,checker_type,destination,source,tested_at,session_id
a4.tl,AVAILABILITY,origin.list,origin.list,2026-09-27 19:53:01.856475+00:00,4ca5832f0ee76f294dc7ca0f
sociaplus.com,AVAILABILITY,origin.list,origin.list,2026-09-27 19:53:09.433020+00:00,4ca5832f0ee76f294dc7ca0f
aj1090.online,AVAILABILITY,origin.list,origin.list,2026-09-27 19:53:10.303823+00:00,4ca5832f0ee76f294dc7ca0f
aj1408.online,AVAILABILITY,origin.list,origin.list,2026-09-27 19:53:15.617867+00:00,4ca5832f0ee76f294dc7ca0f
aj1549.online,AVAILABILITY,origin.list,origin.list,2026-09-27 19:53:15.910655+00:00,4ca5832f0ee76f294dc7ca0f
aj2274.online,AVAILABILITY,origin.list,origin.list,2026-09-27 19:53:22.112703+00:00,4ca5832f0ee76f294dc7ca0f
aj1855.online,AVAILABILITY,origin.list,origin.list,2026-09-27 19:53:22.631739+00:00,4ca5832f0ee76f294dc7ca0f
aj2430.online,AVAILABILITY,origin.list,origin.list,2026-09-27 19:53:28.415183+00:00,4ca5832f0ee76f294dc7ca0f
aj2393.online,AVAILABILITY,origin.list,origin.list,2026-09-27 19:53:28.856710+00:00,4ca5832f0ee76f294dc7ca0f
aj2503.online,AVAILABILITY,origin.list,origin.list,2026-09-27 19:53:35.265694+00:00,4ca5832f0ee76f294dc7ca0f
a.optimizesrv.com,AVAILABILITY,origin.list,origin.list,2026-09-27 19:53:43.495603+00:00,4ca5832f0ee76f294dc7ca0f
ads.optimizesrv.com,AVAILABILITY,origin.list,origin.list,2026-09-27 19:53:43.579616+00:00,4ca5832f0ee76f294dc7ca0f
optimizesrv.com,AVAILABILITY,origin.list,origin.list,2026-09-27 19:53:49.937451+00:00,4ca5832f0ee76f294dc7ca0f
origin-ads.optimizesrv.com,AVAILABILITY,origin.list,origin.list,2026-09-27 19:53:50.963711+00:00,4ca5832f0ee76f294dc7ca0f
static.optimizesrv.com,AVAILABILITY,origin.list,origin.list,2026-09-27 19:53:56.923722+00:00,4ca5832f0ee76f294dc7ca0f
syndication.optimizesrv.com,AVAILABILITY,origin.list,origin.list,2026-09-27 19:53:57.717663+00:00,4ca5832f0ee76f294dc7ca0f
adxoo.com,AVAILABILITY,origin.list,origin.list,2026-09-27 19:54:04.987440+00:00,4ca5832f0ee76f294dc7ca0f
appier.xyz,AVAILABILITY,origin.list,origin.list,2026-09-27 19:54:06.560640+00:00,4ca5832f0ee76f294dc7ca0f
fp-cdn.azureedge.net,AVAILABILITY,origin.list,origin.list,2026-09-27 19:54:20.673617+00:00,4ca5832f0ee76f294dc7ca0f
g2insights-cdn.azureedge.net,AVAILABILITY,origin.list,origin.list,2026-09-27 19:54:21.213722+00:00,4ca5832f0ee76f294dc7ca0f
loader-cdn.azureedge.net,AVAILABILITY,origin.list,origin.list,2026-09-27 19:54:27.062963+00:00,4ca5832f0ee76f294dc7ca0f
finallygotthexds.site,AVAILABILITY,origin.list,origin.list,2026-09-27 19:54:34.217400+00:00,4ca5832f0ee76f294dc7ca0f
hbplatform.com,AVAILABILITY,origin.list,origin.list,2026-09-27 19:54:36.680079+00:00,4ca5832f0ee76f294dc7ca0f
kabbmedia.com,AVAILABILITY,origin.list,origin.list,2026-09-27 19:54:42.229675+00:00,4ca5832f0ee76f294dc7ca0f
testcentre.vn,AVAILABILITY,origin.list,origin.list,2026-09-27 19:54:42.999239+00:00,4ca5832f0ee76f294dc7ca0f
adx.vn,AVAILABILITY,origin.list,origin.list,2026-09-27 19:54:48.264429+00:00,4ca5832f0ee76f294dc7ca0f
log.smoney.vn,AVAILABILITY,origin.list,origin.list,2026-09-27 19:55:01.681641+00:00,4ca5832f0ee76f294dc7ca0f
aff2.childish2x2.fun,AVAILABILITY,origin.list,origin.list,2026-09-27 19:55:03.901948+00:00,4ca5832f0ee76f294dc7ca0f
airdropcassino.cfd,AVAILABILITY,origin.list,origin.list,2026-09-27 19:55:09.418829+00:00,4ca5832f0ee76f294dc7ca0f
boyaidare.club,AVAILABILITY,origin.list,origin.list,2026-09-27 19:55:17.020645+00:00,4ca5832f0ee76f294dc7ca0f
clickcompare.co.uk,AVAILABILITY,origin.list,origin.list,2026-09-27 19:55:23.781049+00:00,4ca5832f0ee76f294dc7ca0f
cutescale.online,AVAILABILITY,origin.list,origin.list,2026-09-27 19:55:27.082182+00:00,4ca5832f0ee76f294dc7ca0f
dozubatan.com,AVAILABILITY,origin.list,origin.list,2026-09-27 19:55:33.535487+00:00,4ca5832f0ee76f294dc7ca0f
elmnxeembokgd.space,AVAILABILITY,origin.list,origin.list,2026-09-27 19:55:36.636702+00:00,4ca5832f0ee76f294dc7ca0f
erezzydxykqwk.space,AVAILABILITY,origin.list,origin.list,2026-09-27 19:55:39.532747+00:00,4ca5832f0ee76f294dc7ca0f
ftte.xyz,AVAILABILITY,origin.list,origin.list,2026-09-27 19:55:46.234787+00:00,4ca5832f0ee76f294dc7ca0f
hdlyfrxtnjpbc.site,AVAILABILITY,origin.list,origin.list,2026-09-27 19:55:52.232576+00:00,4ca5832f0ee76f294dc7ca0f
immizdgmacjvi.space,AVAILABILITY,origin.list,origin.list,2026-09-27 19:55:55.713457+00:00,4ca5832f0ee76f294dc7ca0f
ivdjs.com,AVAILABILITY,origin.list,origin.list,2026-09-27 19:56:00.237394+00:00,4ca5832f0ee76f294dc7ca0f
jailorscoman.cfd,AVAILABILITY,origin.list,origin.list,2026-09-27 19:56:01.808834+00:00,4ca5832f0ee76f294dc7ca0f
jpcrtqakzrlqy.space,AVAILABILITY,origin.list,origin.list,2026-09-27 19:56:07.530303+00:00,4ca5832f0ee76f294dc7ca0f
jqyryzrbuqpfp.space,AVAILABILITY,origin.list,origin.list,2026-09-27 19:56:07.918076+00:00,4ca5832f0ee76f294dc7ca0f
kdm8.com,AVAILABILITY,origin.list,origin.list,2026-09-27 19:56:14.011634+00:00,4ca5832f0ee76f294dc7ca0f
ldjsypolwypxy.space,AVAILABILITY,origin.list,origin.list,2026-09-27 19:56:15.884447+00:00,4ca5832f0ee76f294dc7ca0f
meaese.click,AVAILABILITY,origin.list,origin.list,2026-09-27 19:56:22.778230+00:00,4ca5832f0ee76f294dc7ca0f
murkymouse.online,AVAILABILITY,origin.list,origin.list,2026-09-27 19:56:27.402799+00:00,4ca5832f0ee76f294dc7ca0f
orb92.com,AVAILABILITY,origin.list,origin.list,2026-09-27 19:56:36.233421+00:00,4ca5832f0ee76f294dc7ca0f
popjoynorit.cfd,AVAILABILITY,origin.list,origin.list,2026-09-27 19:56:42.680227+00:00,4ca5832f0ee76f294dc7ca0f
qayuwjcpfxusg.website,AVAILABILITY,origin.list,origin.list,2026-09-27 19:56:48.872638+00:00,4ca5832f0ee76f294dc7ca0f
qmyoclrszpanh.website,AVAILABILITY,origin.list,origin.list,2026-09-27 19:56:48.974297+00:00,4ca5832f0ee76f294dc7ca0f
ryxbowubroqka.online,AVAILABILITY,origin.list,origin.list,2026-09-27 19:56:58.717390+00:00,4ca5832f0ee76f294dc7ca0f
squeegetirret.cyou,AVAILABILITY,origin.list,origin.list,2026-09-27 19:57:05.435071+00:00,4ca5832f0ee76f294dc7ca0f
timohtazxazej.website,AVAILABILITY,origin.list,origin.list,2026-09-27 19:57:10.693581+00:00,4ca5832f0ee76f294dc7ca0f
tqvnfnotrhyfl.site,AVAILABILITY,origin.list,origin.list,2026-09-27 19:57:13.098566+00:00,4ca5832f0ee76f294dc7ca0f
track.getmydeals.net,AVAILABILITY,origin.list,origin.list,2026-09-27 19:57:16.851813+00:00,4ca5832f0ee76f294dc7ca0f
tydcybxaxtvpw.site,AVAILABILITY,origin.list,origin.list,2026-09-27 19:57:20.216766+00:00,4ca5832f0ee76f294dc7ca0f
uaiysnrylsuyx.website,AVAILABILITY,origin.list,origin.list,2026-09-27 19:57:22.641604+00:00,4ca5832f0ee76f294dc7ca0f
vcqclbetewdnq.website,AVAILABILITY,origin.list,origin.list,2026-09-27 19:57:28.491369+00:00,4ca5832f0ee76f294dc7ca0f
vionito.com,AVAILABILITY,origin.list,origin.list,2026-09-27 19:57:30.054810+00:00,4ca5832f0ee76f294dc7ca0f
vsgdodqfjpdws.space,AVAILABILITY,origin.list,origin.list,2026-09-27 19:57:34.484720+00:00,4ca5832f0ee76f294dc7ca0f
wrothenitent.cyou,AVAILABILITY,origin.list,origin.list,2026-09-27 19:57:40.760509+00:00,4ca5832f0ee76f294dc7ca0f
zxgkuhqwwtcvc.website,AVAILABILITY,origin.list,origin.list,2026-09-27 19:57:48.741383+00:00,4ca5832f0ee76f294dc7ca0f
fathomseo.com,AVAILABILITY,origin.list,origin.list,2026-09-27 19:57:54.079241+00:00,4ca5832f0ee76f294dc7ca0f
media.evolv.ai,AVAILABILITY,origin.list,origin.list,2026-09-27 19:58:08.243674+00:00,4ca5832f0ee76f294dc7ca0f
participants.evolv.ai,AVAILABILITY,origin.list,origin.list,2026-09-27 19:58:11.915418+00:00,4ca5832f0ee76f294dc7ca0f
adnetasia.com,AVAILABILITY,origin.list,origin.list,2026-09-27 19:58:14.388218+00:00,4ca5832f0ee76f294dc7ca0f
evzhzppj5kel.com,AVAILABILITY,origin.list,origin.list,2026-09-27 19:58:18.271623+00:00,4ca5832f0ee76f294dc7ca0f
lem-computers.net,AVAILABILITY,origin.list,origin.list,2026-09-27 19:58:24.431797+00:00,4ca5832f0ee76f294dc7ca0f
crabbychin.com,AVAILABILITY,origin.list,origin.list,2026-09-27 19:58:27.976849+00:00,4ca5832f0ee76f294dc7ca0f
knkkpmtdesg.com,AVAILABILITY,origin.list,origin.list,2026-09-27 19:58:30.541712+00:00,4ca5832f0ee76f294dc7ca0f
traktrafficflow.com,AVAILABILITY,origin.list,origin.list,2026-09-27 19:58:34.389049+00:00,4ca5832f0ee76f294dc7ca0f
dnemkhkbsdbl.com,AVAILABILITY,origin.list,origin.list,2026-09-27 19:58:36.515600+00:00,4ca5832f0ee76f294dc7ca0f
aerodynomach.com,AVAILABILITY,origin.list,origin.list,2026-09-27 19:58:40.446859+00:00,4ca5832f0ee76f294dc7ca0f
biggedchocard.com,AVAILABILITY,origin.list,origin.list,2026-09-27 19:58:42.641961+00:00,4ca5832f0ee76f294dc7ca0f
bondleapedoasis.com,AVAILABILITY,origin.list,origin.list,2026-09-27 19:58:46.569674+00:00,4ca5832f0ee76f294dc7ca0f
ak.hetapus.com,AVAILABILITY,origin.list,origin.list,2026-09-27 19:58:53.962776+00:00,4ca5832f0ee76f294dc7ca0f
creamssicsite.com,AVAILABILITY,origin.list,origin.list,2026-09-27 19:58:57.507573+00:00,4ca5832f0ee76f294dc7ca0f
muermoabject.shop,AVAILABILITY,origin.list,origin.list,2026-09-27 19:59:09.695769+00:00,4ca5832f0ee76f294dc7ca0f
540creative.net,AVAILABILITY,origin.list,origin.list,2026-09-27 19:59:14.914560+00:00,4ca5832f0ee76f294dc7ca0f
foxtlytvs.com,AVAILABILITY,origin.list,origin.list,2026-09-27 19:59:26.581048+00:00,4ca5832f0ee76f294dc7ca0f
templatein13.net,AVAILABILITY,origin.list,origin.list,2026-09-27 19:59:32.308423+00:00,4ca5832f0ee76f294dc7ca0f
uz.louchefunnel.shop,AVAILABILITY,origin.list,origin.list,2026-09-27 19:59:37.535485+00:00,4ca5832f0ee76f294dc7ca0f
afrxixlnj.com,AVAILABILITY,origin.list,origin.list,2026-09-27 19:59:46.863443+00:00,4ca5832f0ee76f294dc7ca0f
rosysolvingscallion.com,AVAILABILITY,origin.list,origin.list,2026-09-27 19:59:52.895010+00:00,4ca5832f0ee76f294dc7ca0f
dxtnqglxrio.com,AVAILABILITY,origin.list,origin.list,2026-09-27 19:59:54.607713+00:00,4ca5832f0ee76f294dc7ca0f
solutions2000.com,AVAILABILITY,origin.list,origin.list,2026-09-27 20:00:10.586207+00:00,4ca5832f0ee76f294dc7ca0f
oblolrvce.in,AVAILABILITY,origin.list,origin.list,2026-09-27 20:00:12.548838+00:00,4ca5832f0ee76f294dc7ca0f
adv.baovemoitruong.org.vn,AVAILABILITY,origin.list,origin.list,2026-09-27 20:00:22.407565+00:00,4ca5832f0ee76f294dc7ca0f
gmhyebojlimvqbc.com,AVAILABILITY,origin.list,origin.list,2026-09-27 20:00:23.788012+00:00,4ca5832f0ee76f294dc7ca0f
dmdxzdhu.com,AVAILABILITY,origin.list,origin.list,2026-09-27 20:00:39.329251+00:00,4ca5832f0ee76f294dc7ca0f
astraon255.net,AVAILABILITY,origin.list,origin.list,2026-09-27 20:00:43.800252+00:00,4ca5832f0ee76f294dc7ca0f
zenkreka.com,AVAILABILITY,origin.list,origin.list,2026-09-27 20:00:49.948199+00:00,4ca5832f0ee76f294dc7ca0f
itletroec.com,AVAILABILITY,origin.list,origin.list,2026-09-27 20:00:56.481524+00:00,4ca5832f0ee76f294dc7ca0f
blackbrake.com,AVAILABILITY,origin.list,origin.list,2026-09-27 20:01:02.930622+00:00,4ca5832f0ee76f294dc7ca0f
afzotfwramzy.in,AVAILABILITY,origin.list,origin.list,2026-09-27 20:01:07.574804+00:00,4ca5832f0ee76f294dc7ca0f
wucdrynukof.in,AVAILABILITY,origin.list,origin.list,2026-09-27 20:01:20.562511+00:00,4ca5832f0ee76f294dc7ca0f
fsxmidyo.com,AVAILABILITY,origin.list,origin.list,2026-09-27 20:01:24.504524+00:00,4ca5832f0ee76f294dc7ca0f
hxgqqxopf.com,AVAILABILITY,origin.list,origin.list,2026-09-27 20:01:30.542247+00:00,4ca5832f0ee76f294dc7ca0f
rkopcipugj.in,AVAILABILITY,origin.list,origin.list,2026-09-27 20:01:34.471952+00:00,4ca5832f0ee76f294dc7ca0f
pzpvweoxjm.com,AVAILABILITY,origin.list,origin.list,2026-09-27 20:01:47.438189+00:00,4ca5832f0ee76f294dc7ca0f
rbergego.com,AVAILABILITY,origin.list,origin.list,2026-09-27 20:01:51.322337+00:00,4ca5832f0ee76f294dc7ca0f
jpwrashuzfstxc.com,AVAILABILITY,origin.list,origin.list,2026-09-27 20:02:04.601562+00:00,4ca5832f0ee76f294dc7ca0f
siweieoyjl.com,AVAILABILITY,origin.list,origin.list,2026-09-27 20:02:08.717126+00:00,4ca5832f0ee76f294dc7ca0f
eghnybyvn.com,AVAILABILITY,origin.list,origin.list,2026-09-27 20:02:14.762507+00:00,4ca5832f0ee76f294dc7ca0f
qpizuvmta.com,AVAILABILITY,origin.list,origin.list,2026-09-27 20:02:21.498759+00:00,4ca5832f0ee76f294dc7ca0f
u1pmt.com,AVAILABILITY,origin.list,origin.list,2026-09-27 20:02:27.559001+00:00,4ca5832f0ee76f294dc7ca0f
vnumlkbuujd.com,AVAILABILITY,origin.list,origin.list,2026-09-27 20:02:31.734365+00:00,4ca5832f0ee76f294dc7ca0f
matching.truffle.bid,AVAILABILITY,origin.list,origin.list,2026-09-27 20:02:33.478902+00:00,4ca5832f0ee76f294dc7ca0f
sharebar.addthiscdn.com,AVAILABILITY,origin.list,origin.list,2026-09-27 20:02:37.748415+00:00,4ca5832f0ee76f294dc7ca0f
track.analytics-data.io,AVAILABILITY,origin.list,origin.list,2026-09-27 20:02:43.791765+00:00,4ca5832f0ee76f294dc7ca0f
banners.dine.com,AVAILABILITY,origin.list,origin.list,2026-09-27 20:02:50.110503+00:00,4ca5832f0ee76f294dc7ca0f
970vantage.net,AVAILABILITY,origin.list,origin.list,2026-09-27 20:02:50.981858+00:00,4ca5832f0ee76f294dc7ca0f
940functions.net,AVAILABILITY,origin.list,origin.list,2026-09-27 20:03:07.374242+00:00,4ca5832f0ee76f294dc7ca0f
jitqwooztonj.in,AVAILABILITY,origin.list,origin.list,2026-09-27 20:03:08.763647+00:00,4ca5832f0ee76f294dc7ca0f
js-sdk.analytics-data.io,AVAILABILITY,origin.list,origin.list,2026-09-27 20:03:13.828607+00:00,4ca5832f0ee76f294dc7ca0f
client-uat.addthiscdn.com,AVAILABILITY,origin.list,origin.list,2026-09-27 20:03:14.956343+00:00,4ca5832f0ee76f294dc7ca0f
s400.mxcdn.net,AVAILABILITY,origin.list,origin.list,2026-09-27 20:03:20.157850+00:00,4ca5832f0ee76f294dc7ca0f
whoursie.com,AVAILABILITY,origin.list,origin.list,2026-09-27 20:03:32.176622+00:00,4ca5832f0ee76f294dc7ca0f
rsxekbcl.com,AVAILABILITY,origin.list,origin.list,2026-09-27 20:03:37.446741+00:00,4ca5832f0ee76f294dc7ca0f
px2.4cinsights.com,AVAILABILITY,origin.list,origin.list,2026-09-27 20:03:38.284533+00:00,4ca5832f0ee76f294dc7ca0f
materialplayground.com,AVAILABILITY,origin.list,origin.list,2026-09-27 20:03:43.460500+00:00,4ca5832f0ee76f294dc7ca0f
s385.mxcdn.net,AVAILABILITY,origin.list,origin.list,2026-09-27 20:03:44.591429+00:00,4ca5832f0ee76f294dc7ca0f
benzeinlune.com,AVAILABILITY,origin.list,origin.list,2026-09-27 20:03:49.542536+00:00,4ca5832f0ee76f294dc7ca0f
ads.livetv782.me,AVAILABILITY,origin.list,origin.list,2026-09-27 20:03:51.070851+00:00,4ca5832f0ee76f294dc7ca0f
detachmentoccasionedarena.com,AVAILABILITY,origin.list,origin.list,2026-09-27 20:03:55.536806+00:00,4ca5832f0ee76f294dc7ca0f
www.bitmedianetwork.com,AVAILABILITY,origin.list,origin.list,2026-09-27 20:04:01.763083+00:00,4ca5832f0ee76f294dc7ca0f
int.vlancaa.site,AVAILABILITY,origin.list,origin.list,2026-09-27 20:04:07.928396+00:00,4ca5832f0ee76f294dc7ca0f
yqtwaijdussajr.com,AVAILABILITY,origin.list,origin.list,2026-09-27 20:04:07.950595+00:00,4ca5832f0ee76f294dc7ca0f
v.zcoup.com,AVAILABILITY,origin.list,origin.list,2026-09-27 20:04:13.961188+00:00,4ca5832f0ee76f294dc7ca0f
terra8nb.com,AVAILABILITY,origin.list,origin.list,2026-09-27 20:04:20.031056+00:00,4ca5832f0ee76f294dc7ca0f
303bus.net,AVAILABILITY,origin.list,origin.list,2026-09-27 20:04:25.472603+00:00,4ca5832f0ee76f294dc7ca0f
image.zcoup.com,AVAILABILITY,origin.list,origin.list,2026-09-27 20:04:31.221465+00:00,4ca5832f0ee76f294dc7ca0f
logger.zcoup.com,AVAILABILITY,origin.list,origin.list,2026-09-27 20:04:37.232981+00:00,4ca5832f0ee76f294dc7ca0f
2021group.com,AVAILABILITY,origin.list,origin.list,2026-09-27 20:04:42.910904+00:00,4ca5832f0ee76f294dc7ca0f
api.zcoup.com,AVAILABILITY,origin.list,origin.list,2026-09-27 20:04:48.864247+00:00,4ca5832f0ee76f294dc7ca0f
industries78.net,AVAILABILITY,origin.list,origin.list,2026-09-27 20:04:54.544868+00:00,4ca5832f0ee76f294dc7ca0f
ugtflnqn.com,AVAILABILITY,origin.list,origin.list,2026-09-27 20:05:06.416304+00:00,4ca5832f0ee76f294dc7ca0f
jsudwyjduktw.com,AVAILABILITY,origin.list,origin.list,2026-09-27 20:05:07.533615+00:00,4ca5832f0ee76f294dc7ca0f
zcoup.com,AVAILABILITY,origin.list,origin.list,2026-09-27 20:05:13.473450+00:00,4ca5832f0ee76f294dc7ca0f
serve.adnetasia.com,AVAILABILITY,origin.list,origin.list,2026-09-27 20:05:19.493880+00:00,4ca5832f0ee76f294dc7ca0f
toglooman.com,AVAILABILITY,origin.list,origin.list,2026-09-27 20:05:23.687590+00:00,4ca5832f0ee76f294dc7ca0f
crunchyroll.adnetasia.com,AVAILABILITY,origin.list,origin.list,2026-09-27 20:05:25.547902+00:00,4ca5832f0ee76f294dc7ca0f
torrentz.adnetasia.com,AVAILABILITY,origin.list,origin.list,2026-09-27 20:05:29.750272+00:00,4ca5832f0ee76f294dc7ca0f
yahoo.adnetasia.com,AVAILABILITY,origin.list,origin.list,2026-09-27 20:05:35.769571+00:00,4ca5832f0ee76f294dc7ca0f
onemboaran.com,AVAILABILITY,origin.list,origin.list,2026-09-27 20:05:38.421798+00:00,4ca5832f0ee76f294dc7ca0f
ox-d.adnetasia.com,AVAILABILITY,origin.list,origin.list,2026-09-27 20:05:41.770456+00:00,4ca5832f0ee76f294dc7ca0f
yasni.adnetasia.com,AVAILABILITY,origin.list,origin.list,2026-09-27 20:05:44.473175+00:00,4ca5832f0ee76f294dc7ca0f
aj2142.online,AVAILABILITY,origin.list,origin.list,2026-09-27 20:05:47.720819+00:00,4ca5832f0ee76f294dc7ca0f
aj1863.online,AVAILABILITY,origin.list,origin.list,2026-09-27 20:05:54.731001+00:00,4ca5832f0ee76f294dc7ca0f
aj1754.online,AVAILABILITY,origin.list,origin.list,2026-09-27 20:06:00.632810+00:00,4ca5832f0ee76f294dc7ca0f
claroly75.com,AVAILABILITY,origin.list,origin.list,2026-09-27 20:06:01.753864+00:00,4ca5832f0ee76f294dc7ca0f
zoover.adnetasia.com,AVAILABILITY,origin.list,origin.list,2026-09-27 20:06:06.638829+00:00,4ca5832f0ee76f294dc7ca0f
aos.gop1.co,AVAILABILITY,origin.list,origin.list,2026-09-27 20:06:07.864814+00:00,4ca5832f0ee76f294dc7ca0f
cdn.bidfilter.com,AVAILABILITY,origin.list,origin.list,2026-09-27 20:06:12.765468+00:00,4ca5832f0ee76f294dc7ca0f
g.gop1.co,AVAILABILITY,origin.list,origin.list,2026-09-27 20:06:18.926073+00:00,4ca5832f0ee76f294dc7ca0f
datatoreplicas.com,AVAILABILITY,origin.list,origin.list,2026-09-27 20:06:25.093546+00:00,4ca5832f0ee76f294dc7ca0f
app2.jeoway.net,AVAILABILITY,origin.list,origin.list,2026-09-27 20:06:28.306907+00:00,4ca5832f0ee76f294dc7ca0f
aj2498.online,AVAILABILITY,origin.list,origin.list,2026-09-27 20:06:31.260877+00:00,4ca5832f0ee76f294dc7ca0f
img.gop1.co,AVAILABILITY,origin.list,origin.list,2026-09-27 20:06:34.403399+00:00,4ca5832f0ee76f294dc7ca0f
geo.gop1.co,AVAILABILITY,origin.list,origin.list,2026-09-27 20:06:37.506004+00:00,4ca5832f0ee76f294dc7ca0f
aj2412.online,AVAILABILITY,origin.list,origin.list,2026-09-27 20:06:40.541912+00:00,4ca5832f0ee76f294dc7ca0f
gop1.co,AVAILABILITY,origin.list,origin.list,2026-09-27 20:06:46.766101+00:00,4ca5832f0ee76f294dc7ca0f
offer.gop1.co,AVAILABILITY,origin.list,origin.list,2026-09-27 20:06:52.853780+00:00,4ca5832f0ee76f294dc7ca0f
orbor700.com,AVAILABILITY,origin.list,origin.list,2026-09-27 20:06:54.898878+00:00,4ca5832f0ee76f294dc7ca0f
nmasyykbucqj.com,AVAILABILITY,origin.list,origin.list,2026-09-27 20:07:06.078442+00:00,4ca5832f0ee76f294dc7ca0f
phfzhmcuazx.com,AVAILABILITY,origin.list,origin.list,2026-09-27 20:07:11.866981+00:00,4ca5832f0ee76f294dc7ca0f
gadskis.com,AVAILABILITY,origin.list,origin.list,2026-09-27 20:07:12.229907+00:00,4ca5832f0ee76f294dc7ca0f
log.gop1.co,AVAILABILITY,origin.list,origin.list,2026-09-27 20:07:18.311582+00:00,4ca5832f0ee76f294dc7ca0f
pro-ads.club,AVAILABILITY,origin.list,origin.list,2026-09-27 20:07:21.559612+00:00,4ca5832f0ee76f294dc7ca0f
fqboclyjc.com,AVAILABILITY,origin.list,origin.list,2026-09-27 20:07:35.228408+00:00,4ca5832f0ee76f294dc7ca0f
yrocvgqilrmowj.com,AVAILABILITY,origin.list,origin.list,2026-09-27 20:07:38.460444+00:00,4ca5832f0ee76f294dc7ca0f
fadskiz.com,AVAILABILITY,origin.list,origin.list,2026-09-27 20:07:41.310284+00:00,4ca5832f0ee76f294dc7ca0f
count.advinci.net,AVAILABILITY,origin.list,origin.list,2026-09-27 20:07:44.398698+00:00,4ca5832f0ee76f294dc7ca0f
madsecz.com,AVAILABILITY,origin.list,origin.list,2026-09-27 20:07:50.353267+00:00,4ca5832f0ee76f294dc7ca0f
s.optvx.com,AVAILABILITY,origin.list,origin.list,2026-09-27 20:07:56.576663+00:00,4ca5832f0ee76f294dc7ca0f
unsungpolicy.com,AVAILABILITY,origin.list,origin.list,2026-09-27 20:07:58.585062+00:00,4ca5832f0ee76f294dc7ca0f
advinci.net,AVAILABILITY,origin.list,origin.list,2026-09-27 20:08:04.560540+00:00,4ca5832f0ee76f294dc7ca0f
gtuzanksz.com,AVAILABILITY,origin.list,origin.list,2026-09-27 20:08:13.887068+00:00,4ca5832f0ee76f294dc7ca0f
main.optvx.com,AVAILABILITY,origin.list,origin.list,2026-09-27 20:08:20.068415+00:00,4ca5832f0ee76f294dc7ca0f
oamoameevee.net,AVAILABILITY,origin.list,origin.list,2026-09-27 20:08:22.012017+00:00,4ca5832f0ee76f294dc7ca0f
ajxx91.online,AVAILABILITY,origin.list,origin.list,2026-09-27 20:08:26.089258+00:00,4ca5832f0ee76f294dc7ca0f
in1.gop1.co,AVAILABILITY,origin.list,origin.list,2026-09-27 20:08:28.113612+00:00,4ca5832f0ee76f294dc7ca0f
www.advinci.net,AVAILABILITY,origin.list,origin.list,2026-09-27 20:08:32.264310+00:00,4ca5832f0ee76f294dc7ca0f
m.optvx.com,AVAILABILITY,origin.list,origin.list,2026-09-27 20:08:38.268551+00:00,4ca5832f0ee76f294dc7ca0f
jaixajhu.com,AVAILABILITY,origin.list,origin.list,2026-09-27 20:08:45.574388+00:00,4ca5832f0ee76f294dc7ca0f
filter.adservme.com,AVAILABILITY,origin.list,origin.list,2026-09-27 20:08:45.732936+00:00,4ca5832f0ee76f294dc7ca0f
ads.adservme.com,AVAILABILITY,origin.list,origin.list,2026-09-27 20:08:52.754729+00:00,4ca5832f0ee76f294dc7ca0f
azzadgasf.in,AVAILABILITY,origin.list,origin.list,2026-09-27 20:08:59.604622+00:00,4ca5832f0ee76f294dc7ca0f
rtb-apac.adservme.com,AVAILABILITY,origin.list,origin.list,2026-09-27 20:09:00.177379+00:00,4ca5832f0ee76f294dc7ca0f
go.mobytrks.com,AVAILABILITY,origin.list,origin.list,2026-09-27 20:09:05.581718+00:00,4ca5832f0ee76f294dc7ca0f
jkykczdwuchq.com,AVAILABILITY,origin.list,origin.list,2026-09-27 20:09:17.098901+00:00,4ca5832f0ee76f294dc7ca0f
rtb-eu.adservme.com,AVAILABILITY,origin.list,origin.list,2026-09-27 20:09:17.966724+00:00,4ca5832f0ee76f294dc7ca0f
nwfnsitaes.com,AVAILABILITY,origin.list,origin.list,2026-09-27 20:09:34.039748+00:00,4ca5832f0ee76f294dc7ca0f
musiccounter.ru,AVAILABILITY,origin.list,origin.list,2026-09-27 20:09:39.055475+00:00,4ca5832f0ee76f294dc7ca0f
mobytrks.com,AVAILABILITY,origin.list,origin.list,2026-09-27 20:09:40.124420+00:00,4ca5832f0ee76f294dc7ca0f
static.lalaping.com,AVAILABILITY,origin.list,origin.list,2026-09-27 20:09:44.997411+00:00,4ca5832f0ee76f294dc7ca0f
infinity13.com,AVAILABILITY,origin.list,origin.list,2026-09-27 20:09:57.379070+00:00,4ca5832f0ee76f294dc7ca0f
rrejalojkc.in,AVAILABILITY,origin.list,origin.list,2026-09-27 20:10:02.812072+00:00,4ca5832f0ee76f294dc7ca0f
static.adservme.com,AVAILABILITY,origin.list,origin.list,2026-09-27 20:10:04.728855+00:00,4ca5832f0ee76f294dc7ca0f
dsp.adservme.com,AVAILABILITY,origin.list,origin.list,2026-09-27 20:10:12.056720+00:00,4ca5832f0ee76f294dc7ca0f
lalaping.com,AVAILABILITY,origin.list,origin.list,2026-09-27 20:10:18.088310+00:00,4ca5832f0ee76f294dc7ca0f
nuzoqxlu.in,AVAILABILITY,origin.list,origin.list,2026-09-27 20:10:20.431770+00:00,4ca5832f0ee76f294dc7ca0f
c.mstorer.net,AVAILABILITY,origin.list,origin.list,2026-09-27 20:10:26.565021+00:00,4ca5832f0ee76f294dc7ca0f
rtb-uswest.adservme.com,AVAILABILITY,origin.list,origin.list,2026-09-27 20:10:30.315161+00:00,4ca5832f0ee76f294dc7ca0f
rtb.adservme.com,AVAILABILITY,origin.list,origin.list,2026-09-27 20:10:33.876531+00:00,4ca5832f0ee76f294dc7ca0f
i.imstks.com,AVAILABILITY,origin.list,origin.list,2026-09-27 20:10:36.364654+00:00,4ca5832f0ee76f294dc7ca0f
mstorer.net,AVAILABILITY,origin.list,origin.list,2026-09-27 20:10:40.074905+00:00,4ca5832f0ee76f294dc7ca0f
t.imstks.com,AVAILABILITY,origin.list,origin.list,2026-09-27 20:10:42.451785+00:00,4ca5832f0ee76f294dc7ca0f
xml-g.adservme.com,AVAILABILITY,origin.list,origin.list,2026-09-27 20:10:47.217015+00:00,4ca5832f0ee76f294dc7ca0f
rtb-g.adservme.com,AVAILABILITY,origin.list,origin.list,2026-09-27 20:10:49.754703+00:00,4ca5832f0ee76f294dc7ca0f
uswest.rtb.adservme.com,AVAILABILITY,origin.list,origin.list,2026-09-27 20:10:54.770486+00:00,4ca5832f0ee76f294dc7ca0f
imstks.com,AVAILABILITY,origin.list,origin.list,2026-09-27 20:11:00.775441+00:00,4ca5832f0ee76f294dc7ca0f
ei.imstks.com,AVAILABILITY,origin.list,origin.list,2026-09-27 20:11:06.953970+00:00,4ca5832f0ee76f294dc7ca0f
ejnhhchykjfyyle.com,AVAILABILITY,origin.list,origin.list,2026-09-27 20:11:07.051126+00:00,4ca5832f0ee76f294dc7ca0f
www.imstks.com,AVAILABILITY,origin.list,origin.list,2026-09-27 20:11:13.122251+00:00,4ca5832f0ee76f294dc7ca0f
m.mstorer.net,AVAILABILITY,origin.list,origin.list,2026-09-27 20:11:19.244281+00:00,4ca5832f0ee76f294dc7ca0f
cnawrtrimk.com,AVAILABILITY,origin.list,origin.list,2026-09-27 20:11:23.847819+00:00,4ca5832f0ee76f294dc7ca0f
native-vpaid.winadx.com,AVAILABILITY,origin.list,origin.list,2026-09-27 20:11:25.278104+00:00,4ca5832f0ee76f294dc7ca0f
ssp.adservme.com,AVAILABILITY,origin.list,origin.list,2026-09-27 20:11:31.226245+00:00,4ca5832f0ee76f294dc7ca0f
cdn.appier.xyz,AVAILABILITY,origin.list,origin.list,2026-09-27 20:11:37.380466+00:00,4ca5832f0ee76f294dc7ca0f
wdqhdqtlxu.com,AVAILABILITY,origin.list,origin.list,2026-09-27 20:11:42.423643+00:00,4ca5832f0ee76f294dc7ca0f
aixq-ps-sdk.appier.xyz,AVAILABILITY,origin.list,origin.list,2026-09-27 20:11:43.622517+00:00,4ca5832f0ee76f294dc7ca0f
service.winadx.com,AVAILABILITY,origin.list,origin.list,2026-09-27 20:11:48.377628+00:00,4ca5832f0ee76f294dc7ca0f
rewarded.winadx.com,AVAILABILITY,origin.list,origin.list,2026-09-27 20:11:54.414575+00:00,4ca5832f0ee76f294dc7ca0f
tracking.winadx.com,AVAILABILITY,origin.list,origin.list,2026-09-27 20:12:00.432252+00:00,4ca5832f0ee76f294dc7ca0f
xmafrihkua.in,AVAILABILITY,origin.list,origin.list,2026-09-27 20:12:01.566511+00:00,4ca5832f0ee76f294dc7ca0f
xml.adservme.com,AVAILABILITY,origin.list,origin.list,2026-09-27 20:12:08.645470+00:00,4ca5832f0ee76f294dc7ca0f
traffic-serv.winadx.com,AVAILABILITY,origin.list,origin.list,2026-09-27 20:12:14.655217+00:00,4ca5832f0ee76f294dc7ca0f
gylxwpwabgp.com,AVAILABILITY,origin.list,origin.list,2026-09-27 20:12:17.285632+00:00,4ca5832f0ee76f294dc7ca0f
vpaid.winadx.com,AVAILABILITY,origin.list,origin.list,2026-09-27 20:12:23.189026+00:00,4ca5832f0ee76f294dc7ca0f
syndication.winadx.com,AVAILABILITY,origin.list,origin.list,2026-09-27 20:12:23.371847+00:00,4ca5832f0ee76f294dc7ca0f
winadx.com,AVAILABILITY,origin.list,origin.list,2026-09-27 20:12:29.386808+00:00,4ca5832f0ee76f294dc7ca0f
ytvpaid.winadx.com,AVAILABILITY,origin.list,origin.list,2026-09-27 20:12:35.406918+00:00,4ca5832f0ee76f294dc7ca0f
rcyopmpfef.in,AVAILABILITY,origin.list,origin.list,2026-09-27 20:12:40.998542+00:00,4ca5832f0ee76f294dc7ca0f
aixq-streamlit.appier.xyz,AVAILABILITY,origin.list,origin.list,2026-09-27 20:12:41.628615+00:00,4ca5832f0ee76f294dc7ca0f
www.winadx.com,AVAILABILITY,origin.list,origin.list,2026-09-27 20:12:47.124897+00:00,4ca5832f0ee76f294dc7ca0f
click.showcasethat.com,AVAILABILITY,origin.list,origin.list,2026-09-27 20:12:47.601310+00:00,4ca5832f0ee76f294dc7ca0f
xml.showcasethat.com,AVAILABILITY,origin.list,origin.list,2026-09-27 20:12:53.074363+00:00,4ca5832f0ee76f294dc7ca0f
tvc-vpaid.winadx.com,AVAILABILITY,origin.list,origin.list,2026-09-27 20:12:53.608634+00:00,4ca5832f0ee76f294dc7ca0f
btguqecoelukltw.com,AVAILABILITY,origin.list,origin.list,2026-09-27 20:13:06.636269+00:00,4ca5832f0ee76f294dc7ca0f
