idna_subject,checker_type,destination,tested_at
nucopzqt.in,AVAILABILITY,origin.list,2026-09-26 19:44:33.060119+00:00
images.showcasethat.com,AVAILABILITY,origin.list,2026-09-26 19:47:05.644918+00:00
push.showcasethat.com,AVAILABILITY,origin.list,2026-09-26 19:47:11.803284+00:00
7777align.net,AVAILABILITY,origin.list,2026-09-26 19:47:17.017082+00:00
stats.showcasethat.com,AVAILABILITY,origin.list,2026-09-26 19:47:17.851987+00:00
static.cdnativepush.com,AVAILABILITY,origin.list,2026-09-26 19:47:23.052364+00:00
showcasethat.com,AVAILABILITY,origin.list,2026-09-26 19:47:23.825748+00:00
cdnativepush.com,AVAILABILITY,origin.list,2026-09-26 19:47:29.835185+00:00
xml.adservercheck.net,AVAILABILITY,origin.list,2026-09-26 19:47:35.954758+00:00
abpziztci.in,AVAILABILITY,origin.list,2026-09-26 19:47:40.937526+00:00
adservercheck.net,AVAILABILITY,origin.list,2026-09-26 19:47:42.569788+00:00
bid.adservercheck.net,AVAILABILITY,origin.list,2026-09-26 19:47:47.014900+00:00
image.b91vip.com,AVAILABILITY,origin.list,2026-09-26 19:47:49.146884+00:00
www.cdnativepush.com,AVAILABILITY,origin.list,2026-09-26 19:47:53.474222+00:00
www.showcasethat.com,AVAILABILITY,origin.list,2026-09-26 19:47:59.640437+00:00
www.adservercheck.net,AVAILABILITY,origin.list,2026-09-26 19:48:05.930844+00:00
enterprises550.net,AVAILABILITY,origin.list,2026-09-26 19:48:06.636184+00:00
cdn1.anymad.com,AVAILABILITY,origin.list,2026-09-26 19:48:12.033453+00:00
cdn.anymad.com,AVAILABILITY,origin.list,2026-09-26 19:48:13.273099+00:00
click.anymad.com,AVAILABILITY,origin.list,2026-09-26 19:48:18.153540+00:00
trackers.voodoo-analytics.io,AVAILABILITY,origin.list,2026-09-26 19:48:23.686782+00:00
b91vip.com,AVAILABILITY,origin.list,2026-09-26 19:48:24.162103+00:00
network.adclickmedia.com,AVAILABILITY,origin.list,2026-09-26 19:48:30.143534+00:00
stats.anymad.com,AVAILABILITY,origin.list,2026-09-26 19:48:36.374082+00:00
rnofuxgaz.com,AVAILABILITY,origin.list,2026-09-26 19:48:40.511753+00:00
asgdfasad.mm-cgnews.com,AVAILABILITY,origin.list,2026-09-26 19:48:42.463953+00:00
tracking.adclickmedia.com,AVAILABILITY,origin.list,2026-09-26 19:48:46.412598+00:00
www.b91vip.com,AVAILABILITY,origin.list,2026-09-26 19:48:49.122414+00:00
shndrktrk.com,AVAILABILITY,origin.list,2026-09-26 19:49:03.039503+00:00
jappkummodah.in,AVAILABILITY,origin.list,2026-09-26 19:49:06.569387+00:00
appcloud.ironbeast.io,AVAILABILITY,origin.list,2026-09-26 19:49:09.223566+00:00
supersonic.ironbeast.io,AVAILABILITY,origin.list,2026-09-26 19:49:12.905195+00:00
click-eu.expmediadirect1.com,AVAILABILITY,origin.list,2026-09-26 19:49:15.124247+00:00
front-logs.voodoo-ads.io,AVAILABILITY,origin.list,2026-09-26 19:49:24.520006+00:00
www.shndrktrk.com,AVAILABILITY,origin.list,2026-09-26 19:49:30.088296+00:00
lb.ironbeast.io,AVAILABILITY,origin.list,2026-09-26 19:49:30.675926+00:00
secure.ironbeast.io,AVAILABILITY,origin.list,2026-09-26 19:49:36.227803+00:00
sdk.ironbeast.io,AVAILABILITY,origin.list,2026-09-26 19:49:36.792145+00:00
dspmulti.com,AVAILABILITY,origin.list,2026-09-26 19:49:42.222278+00:00
click.expmediadirect1.com,AVAILABILITY,origin.list,2026-09-26 19:49:42.788423+00:00
expmediadirect1.com,AVAILABILITY,origin.list,2026-09-26 19:49:48.181940+00:00
delivery.taroads.com,AVAILABILITY,origin.list,2026-09-26 19:49:48.882721+00:00
t.agentanalytics.com,AVAILABILITY,origin.list,2026-09-26 19:49:55.218677+00:00
o.agentanalytics.com,AVAILABILITY,origin.list,2026-09-26 19:50:01.499907+00:00
zuieggzsdlo.com,AVAILABILITY,origin.list,2026-09-26 19:50:05.220896+00:00
voodoo-analytics.io,AVAILABILITY,origin.list,2026-09-26 19:50:08.609015+00:00
voodoo-ads.io,AVAILABILITY,origin.list,2026-09-26 19:50:14.045225+00:00
p.agentanalytics.com,AVAILABILITY,origin.list,2026-09-26 19:50:14.781334+00:00
smart-ads.statsperformdev.com,AVAILABILITY,origin.list,2026-09-26 19:50:20.853877+00:00
u.agentanalytics.com,AVAILABILITY,origin.list,2026-09-26 19:50:26.977848+00:00
mobile.faktor.io,AVAILABILITY,origin.list,2026-09-26 19:50:31.595984+00:00
dynamicads.statsperformdev.com,AVAILABILITY,origin.list,2026-09-26 19:50:33.133765+00:00
glersakr.com,AVAILABILITY,origin.list,2026-09-26 19:50:37.610182+00:00
ad-track.adiiix.com,AVAILABILITY,origin.list,2026-09-26 19:50:39.632279+00:00
ads.livetv787.me,AVAILABILITY,origin.list,2026-09-26 19:50:43.712727+00:00
mat.cryptox-ads.io,AVAILABILITY,origin.list,2026-09-26 19:50:49.449499+00:00
ads.adiiix.com,AVAILABILITY,origin.list,2026-09-26 19:50:56.024252+00:00
uumkcycj.com,AVAILABILITY,origin.list,2026-09-26 19:51:01.023839+00:00
pub.cryptox-ads.io,AVAILABILITY,origin.list,2026-09-26 19:51:04.065798+00:00
ads.livetv788.me,AVAILABILITY,origin.list,2026-09-26 19:51:07.167286+00:00
ads.livetv785.me,AVAILABILITY,origin.list,2026-09-26 19:51:10.359999+00:00
ads.livetv790.me,AVAILABILITY,origin.list,2026-09-26 19:51:13.690900+00:00
nuclearads.com,AVAILABILITY,origin.list,2026-09-26 19:51:16.328254+00:00
sdk-api.cryptox-ads.io,AVAILABILITY,origin.list,2026-09-26 19:51:23.736294+00:00
www.voodoo-analytics.io,AVAILABILITY,origin.list,2026-09-26 19:51:26.049067+00:00
www.gamee.forum,AVAILABILITY,origin.list,2026-09-26 19:51:32.127712+00:00
cryptox-ads.io,AVAILABILITY,origin.list,2026-09-26 19:51:33.913253+00:00
ads.livetv623.me,AVAILABILITY,origin.list,2026-09-26 19:51:38.979766+00:00
ads.livetv637.me,AVAILABILITY,origin.list,2026-09-26 19:51:42.330131+00:00
aj3007.bid,AVAILABILITY,origin.list,2026-09-26 19:51:45.460763+00:00
aj2587.bid,AVAILABILITY,origin.list,2026-09-26 19:51:51.571753+00:00
renderstreamshuttleanalytics.net,AVAILABILITY,origin.list,2026-09-26 19:51:59.769110+00:00
aj2566.bid,AVAILABILITY,origin.list,2026-09-26 19:52:06.338170+00:00
geo.choice.faktor.io,AVAILABILITY,origin.list,2026-09-26 19:52:09.426491+00:00
aj3017.bid,AVAILABILITY,origin.list,2026-09-26 19:52:12.521358+00:00
estat.com,AVAILABILITY,origin.list,2026-09-26 19:52:25.499987+00:00
synapse22.net,AVAILABILITY,origin.list,2026-09-26 19:52:42.777648+00:00
st.polyad.net,AVAILABILITY,origin.list,2026-09-26 19:52:56.043826+00:00
littlecutecats.com,AVAILABILITY,origin.list,2026-09-26 19:53:00.350952+00:00
adserver.atdnetwork.com,AVAILABILITY,origin.list,2026-09-26 19:53:02.082997+00:00
aj2584.bid,AVAILABILITY,origin.list,2026-09-26 19:53:06.428202+00:00
ads.livetv640.me,AVAILABILITY,origin.list,2026-09-26 19:53:09.577439+00:00
adv.klick.vn,AVAILABILITY,origin.list,2026-09-26 19:53:12.997543+00:00
qc.klick.vn,AVAILABILITY,origin.list,2026-09-26 19:53:16.258340+00:00
ads.livetv630.me,AVAILABILITY,origin.list,2026-09-26 19:53:22.614622+00:00
hixwwert.in,AVAILABILITY,origin.list,2026-09-26 19:53:26.208310+00:00
ads.livetv633.me,AVAILABILITY,origin.list,2026-09-26 19:53:29.349071+00:00
atdnetwork.com,AVAILABILITY,origin.list,2026-09-26 19:53:32.130070+00:00
platform.atdnetwork.com,AVAILABILITY,origin.list,2026-09-26 19:53:35.284311+00:00
euro.klick.vn,AVAILABILITY,origin.list,2026-09-26 19:53:39.267550+00:00
text1.klick.vn,AVAILABILITY,origin.list,2026-09-26 19:53:42.343586+00:00
delivery.atdnetwork.com,AVAILABILITY,origin.list,2026-09-26 19:53:48.360783+00:00
faktorid-fid.choice.faktor.io,AVAILABILITY,origin.list,2026-09-26 19:53:53.252558+00:00
static01.atdnetwork.com,AVAILABILITY,origin.list,2026-09-26 19:53:54.370715+00:00
all.dspmulti.com,AVAILABILITY,origin.list,2026-09-26 19:53:59.159132+00:00
demo.klick.vn,AVAILABILITY,origin.list,2026-09-26 19:54:01.814889+00:00
ads.livetv664.me,AVAILABILITY,origin.list,2026-09-26 19:54:07.999290+00:00
csyxnkhvueuh.com,AVAILABILITY,origin.list,2026-09-26 19:54:18.677050+00:00
track.atdnetwork.com,AVAILABILITY,origin.list,2026-09-26 19:54:24.854740+00:00
logos.choice.faktor.io,AVAILABILITY,origin.list,2026-09-26 19:54:25.656580+00:00
delivery.adsterra.org,AVAILABILITY,origin.list,2026-09-26 19:54:38.246221+00:00
ugroocuw.net,AVAILABILITY,origin.list,2026-09-26 19:54:43.083414+00:00
cdn.hbplatform.com,AVAILABILITY,origin.list,2026-09-26 19:54:44.421050+00:00
ads.livetv687.me,AVAILABILITY,origin.list,2026-09-26 19:54:49.215536+00:00
tags.fly-ads.net,AVAILABILITY,origin.list,2026-09-26 19:54:50.363885+00:00
fly-ads.net,AVAILABILITY,origin.list,2026-09-26 19:54:55.167044+00:00
klick.vn,AVAILABILITY,origin.list,2026-09-26 19:54:57.172990+00:00
www.atdnetwork.com,AVAILABILITY,origin.list,2026-09-26 19:55:01.289790+00:00
wakeup247.klick.vn,AVAILABILITY,origin.list,2026-09-26 19:55:08.286381+00:00
adsterra.org,AVAILABILITY,origin.list,2026-09-26 19:55:09.940518+00:00
wakeup.klick.vn,AVAILABILITY,origin.list,2026-09-26 19:55:15.103323+00:00
1fkx796mw.com,AVAILABILITY,origin.list,2026-09-26 19:55:16.020542+00:00
0xon2uo9s.com,AVAILABILITY,origin.list,2026-09-26 19:55:21.071911+00:00
matomo.hicity.vn,AVAILABILITY,origin.list,2026-09-26 19:55:23.515587+00:00
cdn.aanetwork.vn,AVAILABILITY,origin.list,2026-09-26 19:55:28.095872+00:00
ttus.tructiepbongda.me,AVAILABILITY,origin.list,2026-09-26 19:55:29.563156+00:00
ylx-a-img.advertica-cdn.com,AVAILABILITY,origin.list,2026-09-26 19:55:35.627832+00:00
ads.livetv703.me,AVAILABILITY,origin.list,2026-09-26 19:55:36.803971+00:00
ylx-aff.advertica-cdn.com,AVAILABILITY,origin.list,2026-09-26 19:55:41.956876+00:00
imgs2.aanetwork.vn,AVAILABILITY,origin.list,2026-09-26 19:55:48.075729+00:00
mtakpfquym.com,AVAILABILITY,origin.list,2026-09-26 19:55:50.071105+00:00
www.klick.vn,AVAILABILITY,origin.list,2026-09-26 19:55:56.060735+00:00
mautic.hicity.vn,AVAILABILITY,origin.list,2026-09-26 19:55:56.951153+00:00
aff-a.advertica-cdn.com,AVAILABILITY,origin.list,2026-09-26 19:56:02.457920+00:00
aw.advertica-cdn.com,AVAILABILITY,origin.list,2026-09-26 19:56:03.212437+00:00
af-web.advertica-cdn.com,AVAILABILITY,origin.list,2026-09-26 19:56:09.204175+00:00
ads.livetv705.me,AVAILABILITY,origin.list,2026-09-26 19:56:11.426562+00:00
web.advertica-cdn.com,AVAILABILITY,origin.list,2026-09-26 19:56:15.185485+00:00
ahlcujguphr.com,AVAILABILITY,origin.list,2026-09-26 19:56:17.491838+00:00
afrjhanwosa.com,AVAILABILITY,origin.list,2026-09-26 19:56:23.820886+00:00
syndication.adlinknetwork.vn,AVAILABILITY,origin.list,2026-09-26 19:56:30.908018+00:00
nossairt.net,AVAILABILITY,origin.list,2026-09-26 19:56:32.423549+00:00
affiliates.devilfishpartners.com,AVAILABILITY,origin.list,2026-09-26 19:56:38.570055+00:00
ads.livetv697.me,AVAILABILITY,origin.list,2026-09-26 19:56:44.698978+00:00
odnvkuocmow.in,AVAILABILITY,origin.list,2026-09-26 19:56:47.453849+00:00
apfxpuatkla.com,AVAILABILITY,origin.list,2026-09-26 19:56:50.703354+00:00
arhribadjqp.com,AVAILABILITY,origin.list,2026-09-26 19:56:53.542398+00:00
azoaltou.com,AVAILABILITY,origin.list,2026-09-26 19:56:56.744091+00:00
kz2oq0xm6ie7gn5dkswlpv6mfgci8yoe3xlqp12gjotp5fdjxs5ckztb8rzn.codes,AVAILABILITY,origin.list,2026-09-26 19:57:03.973891+00:00
bos.ads.nexage.com,AVAILABILITY,origin.list,2026-09-26 19:57:17.680440+00:00
zunsoach.com,AVAILABILITY,origin.list,2026-09-26 19:57:21.606890+00:00
service.adlinknetwork.vn,AVAILABILITY,origin.list,2026-09-26 19:57:24.371490+00:00
blueswordksh.com,AVAILABILITY,origin.list,2026-09-26 19:57:27.538248+00:00
azrwwodreta.com,AVAILABILITY,origin.list,2026-09-26 19:57:30.501912+00:00
embed.wiinvent.com.vn,AVAILABILITY,origin.list,2026-09-26 19:57:35.022877+00:00
bahmemohod.com,AVAILABILITY,origin.list,2026-09-26 19:57:36.575746+00:00
wiinvent.com.vn,AVAILABILITY,origin.list,2026-09-26 19:57:42.107874+00:00
bmycupptafr.com,AVAILABILITY,origin.list,2026-09-26 19:57:48.213139+00:00
toqdizbfp.com,AVAILABILITY,origin.list,2026-09-26 19:57:53.429175+00:00
bpaqzithab.com,AVAILABILITY,origin.list,2026-09-26 19:57:54.499254+00:00
breathelicense.com,AVAILABILITY,origin.list,2026-09-26 19:57:59.376808+00:00
butalksuw9dj10.com,AVAILABILITY,origin.list,2026-09-26 19:58:00.526088+00:00
cagamvnuqhuh.com,AVAILABILITY,origin.list,2026-09-26 19:58:05.427609+00:00
bpipihwhumif.com,AVAILABILITY,origin.list,2026-09-26 19:58:06.501524+00:00
ads.livetv708.me,AVAILABILITY,origin.list,2026-09-26 19:58:14.871766+00:00
native-track.com,AVAILABILITY,origin.list,2026-09-26 19:58:20.863323+00:00
hwoqshyx.com,AVAILABILITY,origin.list,2026-09-26 19:58:23.871892+00:00
su6t2a0v1cbj6fu8o2cjdo1dx0oxdm6kgl6f7zdjxt6aqxjlwrt7cu2r5g2d.me,AVAILABILITY,origin.list,2026-09-26 19:58:31.170324+00:00
producerplot.com,AVAILABILITY,origin.list,2026-09-26 19:58:37.230860+00:00
wmllfxjjnjq.com,AVAILABILITY,origin.list,2026-09-26 19:58:37.755727+00:00
colonserve.com,AVAILABILITY,origin.list,2026-09-26 19:58:43.697981+00:00
z8g0wlq5p0f6jg3k7eh2kyd58hjeskx0w9g5eu7q3m5hyq8l0xwofj3ap2nv.me,AVAILABILITY,origin.list,2026-09-26 19:58:46.697167+00:00
h6o2z0pwx5ja7dwxn0wx4fhv7mp0qoladm8vj6do4h1c6gja8evrn6g5fixk.me,AVAILABILITY,origin.list,2026-09-26 19:58:50.904893+00:00
dulrihaungy.com,AVAILABILITY,origin.list,2026-09-26 19:58:56.909501+00:00
deckdistant.com,AVAILABILITY,origin.list,2026-09-26 19:59:02.924278+00:00
oljqobudyusf.com,AVAILABILITY,origin.list,2026-09-26 19:59:03.432537+00:00
bt.teparytympan.qpon,AVAILABILITY,origin.list,2026-09-26 19:59:09.398571+00:00
www.adsterra.org,AVAILABILITY,origin.list,2026-09-26 19:59:16.520376+00:00
facebookad.for88vn.com,AVAILABILITY,origin.list,2026-09-26 19:59:22.924003+00:00
sync2ad.com,AVAILABILITY,origin.list,2026-09-26 19:59:26.839381+00:00
fadzudvracat.com,AVAILABILITY,origin.list,2026-09-26 19:59:28.904993+00:00
ps.bogymentracery.cyou,AVAILABILITY,origin.list,2026-09-26 19:59:32.987375+00:00
ch6p2aj2gh8zy5cm0px9ow7aj3tmzhtk6lzx2ch9xj7gx2jq1cj8v4jklz6b.me,AVAILABILITY,origin.list,2026-09-26 19:59:37.543253+00:00
m6pz5h8qi18jq1s7hjkytxn7sjc0zpxw5gks3vyk8dcxs2cstjgdxkp7t1eb.me,AVAILABILITY,origin.list,2026-09-26 19:59:40.753398+00:00
gemmykaraoke.com,AVAILABILITY,origin.list,2026-09-26 19:59:43.649490+00:00
forspearowor.com,AVAILABILITY,origin.list,2026-09-26 19:59:46.811323+00:00
ggz48pxys.com,AVAILABILITY,origin.list,2026-09-26 19:59:49.701984+00:00
frightenedpotato.com,AVAILABILITY,origin.list,2026-09-26 19:59:52.860403+00:00
gkemujoccwin.com,AVAILABILITY,origin.list,2026-09-26 19:59:55.971776+00:00
gketcakpeh.com,AVAILABILITY,origin.list,2026-09-26 19:59:59.037368+00:00
gimoqwmikakv.com,AVAILABILITY,origin.list,2026-09-26 20:00:02.060372+00:00
gocxnnxiy.com,AVAILABILITY,origin.list,2026-09-26 20:00:16.155013+00:00
singletplatformgleamenterprises.com,AVAILABILITY,origin.list,2026-09-26 20:00:20.820637+00:00
gq.binesyorker.com,AVAILABILITY,origin.list,2026-09-26 20:00:22.134781+00:00
inspirationstarednope.com,AVAILABILITY,origin.list,2026-09-26 20:00:26.813961+00:00
gloarteegnu.com,AVAILABILITY,origin.list,2026-09-26 20:00:32.899360+00:00
xpihripcao.in,AVAILABILITY,origin.list,2026-09-26 20:00:35.945377+00:00
kaisauwoure.net,AVAILABILITY,origin.list,2026-09-26 20:00:38.896569+00:00
jhukfaosdjfa.com,AVAILABILITY,origin.list,2026-09-26 20:00:44.857972+00:00
q2h0x5l7gj8xdm5wdx8ht5szd4jw8nzq5klt8sr9sk2zjg6mtk0q8xzi0i9z.me,AVAILABILITY,origin.list,2026-09-26 20:00:45.539341+00:00
kiynew.com,AVAILABILITY,origin.list,2026-09-26 20:00:50.911895+00:00
ichachoakiglop.com,AVAILABILITY,origin.list,2026-09-26 20:00:56.880896+00:00
kamwaflmoacd.com,AVAILABILITY,origin.list,2026-09-26 20:01:02.911861+00:00
pinger.ads.nexage.com,AVAILABILITY,origin.list,2026-09-26 20:01:05.711533+00:00
literalcorpulent.com,AVAILABILITY,origin.list,2026-09-26 20:01:08.860622+00:00
makafdsugxco.com,AVAILABILITY,origin.list,2026-09-26 20:01:11.857934+00:00
kuqfudazkn.com,AVAILABILITY,origin.list,2026-09-26 20:01:17.844819+00:00
ileeckut.com,AVAILABILITY,origin.list,2026-09-26 20:01:20.360080+00:00
lfvvhemghapw.com,AVAILABILITY,origin.list,2026-09-26 20:01:32.807568+00:00
ampmhcbehnapwt.com,AVAILABILITY,origin.list,2026-09-26 20:01:34.781882+00:00
lfeorrzkua.com,AVAILABILITY,origin.list,2026-09-26 20:01:38.969572+00:00
gnenuelnn.com,AVAILABILITY,origin.list,2026-09-26 20:01:40.796313+00:00
martyrcontrol.com,AVAILABILITY,origin.list,2026-09-26 20:01:46.796840+00:00
v0h8c6kcd8wd9lzg2mtlo0gj7cju82latost2c8qjs2gj6yti8zhs5kltx7d.me,AVAILABILITY,origin.list,2026-09-26 20:01:47.994894+00:00
institutehopelessbeck.com,AVAILABILITY,origin.list,2026-09-26 20:01:52.775628+00:00
nicksstevmark.com,AVAILABILITY,origin.list,2026-09-26 20:01:53.962511+00:00
ny.damasseakamai.com,AVAILABILITY,origin.list,2026-09-26 20:01:59.911334+00:00
nd.prosilyingles.cyou,AVAILABILITY,origin.list,2026-09-26 20:02:06.271378+00:00
cmdpeufwwou.com,AVAILABILITY,origin.list,2026-09-26 20:02:10.131187+00:00
mafrarc3e9h.com,AVAILABILITY,origin.list,2026-09-26 20:02:17.473330+00:00
nsfwinkuhzeo.com,AVAILABILITY,origin.list,2026-09-26 20:02:27.086741+00:00
caemajnt.com,AVAILABILITY,origin.list,2026-09-26 20:02:34.724819+00:00
mutcheng.net,AVAILABILITY,origin.list,2026-09-26 20:02:37.620792+00:00
obdshyohcog.com,AVAILABILITY,origin.list,2026-09-26 20:02:40.701292+00:00
oranegfodnd.com,AVAILABILITY,origin.list,2026-09-26 20:02:43.987004+00:00
ojwoqdpiwdt.com,AVAILABILITY,origin.list,2026-09-26 20:02:46.698806+00:00
physicalblueberry.com,AVAILABILITY,origin.list,2026-09-26 20:02:49.956160+00:00
osknimkihvr.com,AVAILABILITY,origin.list,2026-09-26 20:02:52.696062+00:00
ozqoztrkoaj.com,AVAILABILITY,origin.list,2026-09-26 20:02:55.927154+00:00
ovmhwiccikr.com,AVAILABILITY,origin.list,2026-09-26 20:02:58.659902+00:00
orywrjsf.com,AVAILABILITY,origin.list,2026-09-26 20:03:01.996046+00:00
playsdonkey.com,AVAILABILITY,origin.list,2026-09-26 20:03:05.042924+00:00
qzeavzrfaoqn.com,AVAILABILITY,origin.list,2026-09-26 20:03:08.033953+00:00
pokreess.com,AVAILABILITY,origin.list,2026-09-26 20:03:10.935755+00:00
palaroleg.guru,AVAILABILITY,origin.list,2026-09-26 20:03:14.540004+00:00
qa.shboshbok.com,AVAILABILITY,origin.list,2026-09-26 20:03:16.959934+00:00
wfgo5vjs6cp0cdjx7bms3cn9lof2p01xho0pxgm1fd2fah3j5d8qd7x1d6eu.me,AVAILABILITY,origin.list,2026-09-26 20:03:22.051871+00:00
leafy-feel.com,AVAILABILITY,origin.list,2026-09-26 20:03:23.017375+00:00
cdn.adimo.co,AVAILABILITY,origin.list,2026-09-26 20:03:28.201498+00:00
e5asyhilodice.com,AVAILABILITY,origin.list,2026-09-26 20:03:34.182220+00:00
malluktig.in,AVAILABILITY,origin.list,2026-09-26 20:03:36.978913+00:00
cs.lkqd.net,AVAILABILITY,origin.list,2026-09-26 20:03:39.917035+00:00
ruwjkygaxo.com,AVAILABILITY,origin.list,2026-09-26 20:03:42.984156+00:00
septfd2em64eber.com,AVAILABILITY,origin.list,2026-09-26 20:03:45.935940+00:00
railwayrainstorm.com,AVAILABILITY,origin.list,2026-09-26 20:03:49.053143+00:00
aslau-cre.info,AVAILABILITY,origin.list,2026-09-26 20:03:53.641745+00:00
creative.lkqd.net,AVAILABILITY,origin.list,2026-09-26 20:03:55.167071+00:00
rfp.lkqd.net,AVAILABILITY,origin.list,2026-09-26 20:04:01.274509+00:00
ad.lkqd.net,AVAILABILITY,origin.list,2026-09-26 20:04:07.432046+00:00
pttuzodqkbgv.com,AVAILABILITY,origin.list,2026-09-26 20:04:10.920019+00:00
xgodpmdczzyza.com,AVAILABILITY,origin.list,2026-09-26 20:04:24.493300+00:00
psoroumukr.com,AVAILABILITY,origin.list,2026-09-26 20:04:28.494311+00:00
m.lkqd.net,AVAILABILITY,origin.list,2026-09-26 20:04:31.027221+00:00
rankingchart.de,AVAILABILITY,origin.list,2026-09-26 20:04:35.907974+00:00
magetrigla.com,AVAILABILITY,origin.list,2026-09-26 20:04:37.105134+00:00
tirosagalite.com,AVAILABILITY,origin.list,2026-09-26 20:04:41.896707+00:00
roumaniangravelnot.com,AVAILABILITY,origin.list,2026-09-26 20:04:43.102947+00:00
ke.minterhazes.com,AVAILABILITY,origin.list,2026-09-26 20:04:47.854330+00:00
cben1.net,AVAILABILITY,origin.list,2026-09-26 20:04:49.066696+00:00
acsshufxnu.com,AVAILABILITY,origin.list,2026-09-26 20:04:53.884072+00:00
rtb.lkqd.net,AVAILABILITY,origin.list,2026-09-26 20:04:59.918265+00:00
aiqowflpg.com,AVAILABILITY,origin.list,2026-09-26 20:05:06.033258+00:00
track.unidata.ai,AVAILABILITY,origin.list,2026-09-26 20:05:06.407348+00:00
swmswjvdpc.com,AVAILABILITY,origin.list,2026-09-26 20:05:22.935936+00:00
rs-lb-a.lkqd.net,AVAILABILITY,origin.list,2026-09-26 20:07:42.859551+00:00
rs-lb-b.lkqd.net,AVAILABILITY,origin.list,2026-09-26 20:07:49.217547+00:00
techourtoapingu.com,AVAILABILITY,origin.list,2026-09-26 20:07:54.376322+00:00
app.truepush.com,AVAILABILITY,origin.list,2026-09-26 20:08:07.007809+00:00
api.truepush.com,AVAILABILITY,origin.list,2026-09-26 20:08:12.198153+00:00
t.lkqd.net,AVAILABILITY,origin.list,2026-09-26 20:08:13.276195+00:00
s.lkqd.net,AVAILABILITY,origin.list,2026-09-26 20:08:18.453190+00:00
us.lkqd.net,AVAILABILITY,origin.list,2026-09-26 20:08:19.552813+00:00
ssp-cw.lkqd.net,AVAILABILITY,origin.list,2026-09-26 20:08:24.724706+00:00
ssp.lkqd.net,AVAILABILITY,origin.list,2026-09-26 20:08:25.978928+00:00
bid.truepush.com,AVAILABILITY,origin.list,2026-09-26 20:08:42.508478+00:00
cdni.truepush.com,AVAILABILITY,origin.list,2026-09-26 20:08:43.773311+00:00
xp.retinichawks.cyou,AVAILABILITY,origin.list,2026-09-26 20:08:49.006754+00:00
v.lkqd.net,AVAILABILITY,origin.list,2026-09-26 20:08:49.881843+00:00
hadsimz.com,AVAILABILITY,origin.list,2026-09-26 20:08:55.259781+00:00
b8zk2cl6bjs92j7ah8k2kzi92jf8ck9vj7v0z5bv2v3cj2azlp0c8z5vb7dt.me,AVAILABILITY,origin.list,2026-09-26 20:08:57.483143+00:00
ojqbnqdwycws.com,AVAILABILITY,origin.list,2026-09-26 20:09:03.919905+00:00
sdk.truepush.com,AVAILABILITY,origin.list,2026-09-26 20:09:12.934738+00:00
espionagegardenerthicket.com,AVAILABILITY,origin.list,2026-09-26 20:09:19.230022+00:00
img.truepush.com,AVAILABILITY,origin.list,2026-09-26 20:09:21.678456+00:00
t2zc6vo8zj2ch6sh6kvu5vq8cjz4iv8v2aj1ckjy8zktaj8vm6visk6als8l.me,AVAILABILITY,origin.list,2026-09-26 20:09:26.899690+00:00
surfmusik-adserver.de,AVAILABILITY,origin.list,2026-09-26 20:09:29.022292+00:00
phumagrose.com,AVAILABILITY,origin.list,2026-09-26 20:09:33.226223+00:00
hdatssfpxrwbxs.com,AVAILABILITY,origin.list,2026-09-26 20:09:35.268108+00:00
elderlybean.com,AVAILABILITY,origin.list,2026-09-26 20:09:41.605093+00:00
ionigravida.com,AVAILABILITY,origin.list,2026-09-26 20:09:47.883946+00:00
cdn.truepush.com,AVAILABILITY,origin.list,2026-09-26 20:09:50.861879+00:00
stats.truepush.com,AVAILABILITY,origin.list,2026-09-26 20:10:05.534674+00:00
s.truepush.com,AVAILABILITY,origin.list,2026-09-26 20:10:08.620073+00:00
sdki.truepush.com,AVAILABILITY,origin.list,2026-09-26 20:10:23.203050+00:00
truepush.com,AVAILABILITY,origin.list,2026-09-26 20:10:26.313894+00:00
abmkupxixavk.in,AVAILABILITY,origin.list,2026-09-26 20:10:37.270712+00:00
bqrjotqnqh.com,AVAILABILITY,origin.list,2026-09-26 20:10:43.503322+00:00
eelfpsgnicy.com,AVAILABILITY,origin.list,2026-09-26 20:11:00.677544+00:00
ak.hetaint.com,AVAILABILITY,origin.list,2026-09-26 20:11:12.474346+00:00
ads.nexage.com,AVAILABILITY,origin.list,2026-09-26 20:11:15.336483+00:00
www.truepush.com,AVAILABILITY,origin.list,2026-09-26 20:11:30.992534+00:00
lfezjmxldv.com,AVAILABILITY,origin.list,2026-09-26 20:11:32.555995+00:00
fsavmklplmddsu.com,AVAILABILITY,origin.list,2026-09-26 20:11:48.370791+00:00
tkddcpuc.com,AVAILABILITY,origin.list,2026-09-26 20:11:50.169533+00:00
qsocxhfdopwj.com,AVAILABILITY,origin.list,2026-09-26 20:12:07.465656+00:00
litvp.com,AVAILABILITY,origin.list,2026-09-26 20:12:13.746550+00:00
ss15.litvp.com,AVAILABILITY,origin.list,2026-09-26 20:12:20.081579+00:00
admax.nexage.com,AVAILABILITY,origin.list,2026-09-26 20:12:28.977032+00:00
xcirtefata.in,AVAILABILITY,origin.list,2026-09-26 20:12:47.120942+00:00
ss29.litvp.com,AVAILABILITY,origin.list,2026-09-26 20:12:53.816225+00:00
nexage.com,AVAILABILITY,origin.list,2026-09-26 20:13:02.679397+00:00
dbancamd.com,AVAILABILITY,origin.list,2026-09-26 20:13:10.978137+00:00
popuserapparatus.com,AVAILABILITY,origin.list,2026-09-26 20:13:17.319312+00:00
wdlyhnddxm.com,AVAILABILITY,origin.list,2026-09-26 20:13:19.877531+00:00
prayexplodesyndrome.com,AVAILABILITY,origin.list,2026-09-26 20:13:23.672642+00:00
marketing-api.upsight.com,AVAILABILITY,origin.list,2026-09-26 20:13:29.876195+00:00
imgproxy.upsight.com,AVAILABILITY,origin.list,2026-09-26 20:13:36.000865+00:00
ezdkixzdkr.com,AVAILABILITY,origin.list,2026-09-26 20:13:37.137147+00:00
o1.sendgrid.upsight.com,AVAILABILITY,origin.list,2026-09-26 20:13:42.276349+00:00
antananarbdivu.com,AVAILABILITY,origin.list,2026-09-26 20:13:54.760837+00:00
boobausauhipsa.net,AVAILABILITY,origin.list,2026-09-26 20:14:12.311567+00:00
nexus.upsight.com,AVAILABILITY,origin.list,2026-09-26 20:14:18.531422+00:00
origin-marketing.upsight.com,AVAILABILITY,origin.list,2026-09-26 20:14:24.791058+00:00
static.upsight.com,AVAILABILITY,origin.list,2026-09-26 20:14:30.986948+00:00
www.upsight.com,AVAILABILITY,origin.list,2026-09-26 20:14:37.262996+00:00
servsave.com,AVAILABILITY,origin.list,2026-09-26 20:14:51.873624+00:00
adxxx.com,AVAILABILITY,origin.list,2026-09-26 20:14:59.163452+00:00
aab.adxxx.com,AVAILABILITY,origin.list,2026-09-26 20:15:14.242364+00:00
cn.adxxx.com,AVAILABILITY,origin.list,2026-09-26 20:15:21.539718+00:00
b.adxxx.com,AVAILABILITY,origin.list,2026-09-26 20:15:36.906756+00:00
de.adxxx.com,AVAILABILITY,origin.list,2026-09-26 20:15:59.233693+00:00
hb.nexage.com,AVAILABILITY,origin.list,2026-09-26 20:16:01.707445+00:00
endpoint.adxxx.com,AVAILABILITY,origin.list,2026-09-26 20:16:21.540582+00:00
iframe.adxxx.com,AVAILABILITY,origin.list,2026-09-26 20:16:23.954286+00:00
pop-under.ru,AVAILABILITY,origin.list,2026-09-26 20:16:32.753621+00:00
afcnuchxgo.com,AVAILABILITY,origin.list,2026-09-26 20:16:39.132089+00:00
es.adxxx.com,AVAILABILITY,origin.list,2026-09-26 20:16:43.860704+00:00
dowerlesssightseehow.com,AVAILABILITY,origin.list,2026-09-26 20:16:45.396045+00:00
toroexoclk.com,AVAILABILITY,origin.list,2026-09-26 20:17:03.172803+00:00
iframe2.adxxx.com,AVAILABILITY,origin.list,2026-09-26 20:17:06.265220+00:00
pr.adxxx.com,AVAILABILITY,origin.list,2026-09-26 20:17:24.834530+00:00
n.adxxx.com,AVAILABILITY,origin.list,2026-09-26 20:17:25.518317+00:00
bttupamp.com,AVAILABILITY,origin.list,2026-09-26 20:17:42.804413+00:00
qcinouznrsvnqa.com,AVAILABILITY,origin.list,2026-09-26 20:18:00.067860+00:00
sjc.ads0.nexage.com,AVAILABILITY,origin.list,2026-09-26 20:18:06.401377+00:00
qnbeenbgsx.com,AVAILABILITY,origin.list,2026-09-26 20:18:17.453280+00:00
smeartoassessment.com,AVAILABILITY,origin.list,2026-09-26 20:18:23.887158+00:00
rdipmrbwgvk.com,AVAILABILITY,origin.list,2026-09-26 20:18:41.089489+00:00
reconditerake.com,AVAILABILITY,origin.list,2026-09-26 20:18:47.399726+00:00
ds.polyad.net,AVAILABILITY,origin.list,2026-09-26 20:18:50.699806+00:00
referer.pixplug.in,AVAILABILITY,origin.list,2026-09-26 20:18:53.556980+00:00
counter.pixplug.in,AVAILABILITY,origin.list,2026-09-26 20:18:59.739381+00:00
visitor.pixplug.in,AVAILABILITY,origin.list,2026-09-26 20:19:05.979788+00:00
service.maxymiser.net,AVAILABILITY,origin.list,2026-09-26 20:19:12.246396+00:00
pl.adxxx.com,AVAILABILITY,origin.list,2026-09-26 20:19:12.870045+00:00
cb.snoozyhayride.com,AVAILABILITY,origin.list,2026-09-26 20:19:18.686076+00:00
y8z5nv0slz06vj2k5vh6akv7dj2c8aj62zhj2v7zj8vp0zq7fj2gf4mv6zsb.me,AVAILABILITY,origin.list,2026-09-26 20:19:26.604718+00:00
scan.adxxx.com,AVAILABILITY,origin.list,2026-09-26 20:19:28.674186+00:00
u7z5fgj3k9c0vkah2v8zj1zj7v6gkm2f8zjc9j2vk6o9p2zks3a6sjc2mj6h.me,AVAILABILITY,origin.list,2026-09-26 20:19:33.335899+00:00
ah.eyesnamda.cfd,AVAILABILITY,origin.list,2026-09-26 20:19:35.515566+00:00
walkingtutor.com,AVAILABILITY,origin.list,2026-09-26 20:19:41.815401+00:00
ru.adxxx.com,AVAILABILITY,origin.list,2026-09-26 20:19:55.849386+00:00
self-service.adxxx.com,AVAILABILITY,origin.list,2026-09-26 20:20:05.251362+00:00
unugilpcyxoep.com,AVAILABILITY,origin.list,2026-09-26 20:20:11.585545+00:00
self-service-adm.adxxx.com,AVAILABILITY,origin.list,2026-09-26 20:20:24.764339+00:00
bergculpae.life,AVAILABILITY,origin.list,2026-09-26 20:20:31.938341+00:00
self-service-pay.adxxx.com,AVAILABILITY,origin.list,2026-09-26 20:20:34.451131+00:00
hit.api.sociaplus.com,AVAILABILITY,origin.list,2026-09-26 20:20:38.210826+00:00
img.sociaplus.com,AVAILABILITY,origin.list,2026-09-26 20:20:40.716906+00:00
aj2557.bid,AVAILABILITY,origin.list,2026-09-26 20:20:44.955885+00:00
goomaphy.com,AVAILABILITY,origin.list,2026-09-26 20:20:51.192826+00:00
static2-src.adxxx.com,AVAILABILITY,origin.list,2026-09-26 20:21:02.945957+00:00
api.sociaplus.com,AVAILABILITY,origin.list,2026-09-26 20:21:09.164360+00:00
st.adxxx.com,AVAILABILITY,origin.list,2026-09-26 20:21:13.773918+00:00
static.api.sociaplus.com,AVAILABILITY,origin.list,2026-09-26 20:21:15.317012+00:00
tikivn.api.sociaplus.com,AVAILABILITY,origin.list,2026-09-26 20:21:21.483319+00:00
static.adxxx.com,AVAILABILITY,origin.list,2026-09-26 20:21:36.124873+00:00
static-src.adxxx.com,AVAILABILITY,origin.list,2026-09-26 20:21:43.933950+00:00
reports.nexage.com,AVAILABILITY,origin.list,2026-09-26 20:22:19.930863+00:00
zaloramy.api.sociaplus.com,AVAILABILITY,origin.list,2026-09-26 20:22:26.108924+00:00
st-n.adxxx.com,AVAILABILITY,origin.list,2026-09-26 20:22:49.173623+00:00
image.sociaplus.com,AVAILABILITY,origin.list,2026-09-26 20:22:55.409142+00:00
www.servsave.com,AVAILABILITY,origin.list,2026-09-26 20:23:00.616763+00:00
panel.sociaplus.com,AVAILABILITY,origin.list,2026-09-26 20:23:01.692921+00:00
jz.thringsettos.cyou,AVAILABILITY,origin.list,2026-09-26 20:23:08.330405+00:00
api.affmates.com,AVAILABILITY,origin.list,2026-09-26 20:23:14.776356+00:00
teasers.adxxx.com,AVAILABILITY,origin.list,2026-09-26 20:23:22.969469+00:00
zalorasg.api.sociaplus.com,AVAILABILITY,origin.list,2026-09-26 20:23:29.132804+00:00
tr.adxxx.com,AVAILABILITY,origin.list,2026-09-26 20:23:37.438867+00:00
aj2556.bid,AVAILABILITY,origin.list,2026-09-26 20:23:43.823523+00:00
xtuohnfwia.in,AVAILABILITY,origin.list,2026-09-26 20:23:47.494585+00:00
btbeacdhrdt.com,AVAILABILITY,origin.list,2026-09-26 20:24:01.002899+00:00
sz.pyrulaupstage.qpon,AVAILABILITY,origin.list,2026-09-26 20:24:07.762901+00:00
storage.affmates.com,AVAILABILITY,origin.list,2026-09-26 20:24:14.001325+00:00
beachinfinitegag.com,AVAILABILITY,origin.list,2026-09-26 20:24:20.337699+00:00
thripelbertie.website,AVAILABILITY,origin.list,2026-09-26 20:24:26.669788+00:00
core.polyad.net,AVAILABILITY,origin.list,2026-09-26 20:24:32.024954+00:00
unkempt-hand.com,AVAILABILITY,origin.list,2026-09-26 20:24:32.986042+00:00
fxclix.com,AVAILABILITY,origin.list,2026-09-26 20:24:38.371060+00:00
ui-eu.maxymiser.com,AVAILABILITY,origin.list,2026-09-26 20:24:39.665468+00:00
aj2634.bid,AVAILABILITY,origin.list,2026-09-26 20:24:44.885579+00:00
cb-api-eu.maxymiser.com,AVAILABILITY,origin.list,2026-09-26 20:24:46.045082+00:00
aj2629.bid,AVAILABILITY,origin.list,2026-09-26 20:24:51.288778+00:00
jg.wensixuetang.com,AVAILABILITY,origin.list,2026-09-26 20:24:52.402289+00:00
analysis.ligatus.com,AVAILABILITY,origin.list,2026-09-26 20:24:58.650640+00:00
a.ligatus.com,AVAILABILITY,origin.list,2026-09-26 20:25:04.956834+00:00
culbhiaxntuh.in,AVAILABILITY,origin.list,2026-09-26 20:25:09.253648+00:00
analysis1.ligatus.com,AVAILABILITY,origin.list,2026-09-26 20:25:11.377153+00:00
ssp.admix.in,AVAILABILITY,origin.list,2026-09-26 20:25:16.580941+00:00
analysis2.ligatus.com,AVAILABILITY,origin.list,2026-09-26 20:25:17.637732+00:00
a-ssl.ligatus.com,AVAILABILITY,origin.list,2026-09-26 20:25:23.910077+00:00
ads-adaptv.vidible.tv,AVAILABILITY,origin.list,2026-09-26 20:25:41.363178+00:00
websponsors.com,AVAILABILITY,origin.list,2026-09-26 20:25:41.633235+00:00
d.ligatus.com,AVAILABILITY,origin.list,2026-09-26 20:25:47.959432+00:00
directads2.ligatus.com,AVAILABILITY,origin.list,2026-09-26 20:28:06.732500+00:00
geoip5m1y07.admix.in,AVAILABILITY,origin.list,2026-09-26 20:28:07.682377+00:00
e.ligatus.com,AVAILABILITY,origin.list,2026-09-26 20:28:12.448543+00:00
reporting.ligatus.com,AVAILABILITY,origin.list,2026-09-26 20:28:13.400055+00:00
ads.starzd.com,AVAILABILITY,origin.list,2026-09-26 20:28:23.101931+00:00
vi.adxxx.com,AVAILABILITY,origin.list,2026-09-26 20:28:33.218122+00:00
hetaint.com,AVAILABILITY,origin.list,2026-09-26 20:28:33.372793+00:00
directads.ligatus.com,AVAILABILITY,origin.list,2026-09-26 20:28:38.947923+00:00
i.ligatus.com,AVAILABILITY,origin.list,2026-09-26 20:28:44.550587+00:00
ainouzaudre.net,AVAILABILITY,origin.list,2026-09-26 20:28:50.017846+00:00
ssl.ligatus.com,AVAILABILITY,origin.list,2026-09-26 20:28:50.356577+00:00
self-booking.ligatus.com,AVAILABILITY,origin.list,2026-09-26 20:28:55.738132+00:00
www.ligatus.com,AVAILABILITY,origin.list,2026-09-26 20:29:01.541655+00:00
dithodackee.com,AVAILABILITY,origin.list,2026-09-26 20:29:06.827784+00:00
gloaphoo.net,AVAILABILITY,origin.list,2026-09-26 20:29:11.864530+00:00
spkoevngk.com,AVAILABILITY,origin.list,2026-09-26 20:29:12.824405+00:00
pietexture.com,AVAILABILITY,origin.list,2026-09-26 20:29:18.538724+00:00
www.adxxx.com,AVAILABILITY,origin.list,2026-09-26 20:29:34.204693+00:00
oabaubsutha.com,AVAILABILITY,origin.list,2026-09-26 20:29:35.130280+00:00
sfiannzilgi.com,AVAILABILITY,origin.list,2026-09-26 20:29:40.822755+00:00
ommentsere.biz,AVAILABILITY,origin.list,2026-09-26 20:29:45.371351+00:00
bjdxhs.com,AVAILABILITY,origin.list,2026-09-26 20:29:51.175988+00:00
poawooptugroo.com,AVAILABILITY,origin.list,2026-09-26 20:29:57.358137+00:00
shaughixefooz.net,AVAILABILITY,origin.list,2026-09-26 20:30:03.172752+00:00
optimal730.com,AVAILABILITY,origin.list,2026-09-26 20:30:07.811405+00:00
fovcy1jg.pro,AVAILABILITY,origin.list,2026-09-26 20:30:09.099179+00:00
rounddescribe.com,AVAILABILITY,origin.list,2026-09-26 20:30:14.840498+00:00
ptakeemsaifegro.net,AVAILABILITY,origin.list,2026-09-26 20:30:24.441772+00:00
usheebainaut.com,AVAILABILITY,origin.list,2026-09-26 20:30:31.470878+00:00
soccercadencefridge.com,AVAILABILITY,origin.list,2026-09-26 20:30:37.254269+00:00
wounofoarausooy.net,AVAILABILITY,origin.list,2026-09-26 20:30:41.028000+00:00
swuojrovqf.com,AVAILABILITY,origin.list,2026-09-26 20:30:46.807422+00:00
arrtakhihfze.in,AVAILABILITY,origin.list,2026-09-26 20:30:54.878468+00:00
fibqukktuv.in,AVAILABILITY,origin.list,2026-09-26 20:30:59.418052+00:00
slidbecauseemerald.com,AVAILABILITY,origin.list,2026-09-26 20:31:00.694076+00:00
taughtwandamazingly.com,AVAILABILITY,origin.list,2026-09-26 20:31:05.004709+00:00
taqavmaplont.com,AVAILABILITY,origin.list,2026-09-26 20:31:06.304547+00:00
tranquilside.com,AVAILABILITY,origin.list,2026-09-26 20:31:10.609652+00:00
zireemilsoude.net,AVAILABILITY,origin.list,2026-09-26 20:31:22.726984+00:00
ads-trk.vidible.tv,AVAILABILITY,origin.list,2026-09-26 20:31:22.944301+00:00
tutgcinarlak.com,AVAILABILITY,origin.list,2026-09-26 20:31:28.397815+00:00
stay.decentralappps.com,AVAILABILITY,origin.list,2026-09-26 20:31:28.722609+00:00
vebo-vast.pages.dev,AVAILABILITY,origin.list,2026-09-26 20:31:34.160294+00:00
trustlearningclearly.com,AVAILABILITY,origin.list,2026-09-26 20:31:34.395308+00:00
trk.vidible.tv,AVAILABILITY,origin.list,2026-09-26 20:31:50.684917+00:00
dmp.myad.vn,AVAILABILITY,origin.list,2026-09-26 20:31:51.304277+00:00
vtacibqzopiw.com,AVAILABILITY,origin.list,2026-09-26 20:31:56.387038+00:00
vr.ringentkenlore.com,AVAILABILITY,origin.list,2026-09-26 20:31:57.077586+00:00
untidyquestion.com,AVAILABILITY,origin.list,2026-09-26 20:32:02.822116+00:00
ad.vkool.net,AVAILABILITY,origin.list,2026-09-26 20:32:04.989644+00:00
smptrffc.click,AVAILABILITY,origin.list,2026-09-26 20:32:08.578572+00:00
intorterraon.com,AVAILABILITY,origin.list,2026-09-26 20:32:10.591718+00:00
wellmadefrog.com,AVAILABILITY,origin.list,2026-09-26 20:32:14.272561+00:00
wonderhsjnsd.com,AVAILABILITY,origin.list,2026-09-26 20:32:16.345766+00:00
vteskyombq.com,AVAILABILITY,origin.list,2026-09-26 20:32:19.896574+00:00
workervanewalk.com,AVAILABILITY,origin.list,2026-09-26 20:32:25.647046+00:00
cdn.myad.vn,AVAILABILITY,origin.list,2026-09-26 20:32:32.822124+00:00
wiwqhootrf.com,AVAILABILITY,origin.list,2026-09-26 20:32:38.371520+00:00
adscare.myad.vn,AVAILABILITY,origin.list,2026-09-26 20:32:42.244159+00:00
wr.amigojimbang.com,AVAILABILITY,origin.list,2026-09-26 20:32:43.849477+00:00
ads.vnd89.com,AVAILABILITY,origin.list,2026-09-26 20:32:58.765534+00:00
mountaindriftevolutiontechnologies.net,AVAILABILITY,origin.list,2026-09-26 20:33:00.315512+00:00
xruamzpanbca.com,AVAILABILITY,origin.list,2026-09-26 20:33:00.973409+00:00
zazmunokpvzi.com,AVAILABILITY,origin.list,2026-09-26 20:33:01.690973+00:00
ashoupsu.com,AVAILABILITY,origin.list,2026-09-26 20:33:04.149351+00:00
xr.staxisclivias.com,AVAILABILITY,origin.list,2026-09-26 20:33:04.715653+00:00
zumdivdwug.com,AVAILABILITY,origin.list,2026-09-26 20:33:05.285135+00:00
pyxiscablese.com,AVAILABILITY,origin.list,2026-09-26 20:33:05.983728+00:00
bouzechoby.net,AVAILABILITY,origin.list,2026-09-26 20:33:10.868757+00:00
panclndhgcpktf.com,AVAILABILITY,origin.list,2026-09-26 20:33:13.763734+00:00
thaudray.com,AVAILABILITY,origin.list,2026-09-26 20:33:18.350372+00:00
int.akisinn.me,AVAILABILITY,origin.list,2026-09-26 20:33:18.924495+00:00
a.adtechjp.com,AVAILABILITY,origin.list,2026-09-26 20:33:19.589496+00:00
adserver-toy.adtechjp.com,AVAILABILITY,origin.list,2026-09-26 20:33:20.368693+00:00
ptawehex.net,AVAILABILITY,origin.list,2026-09-26 20:33:20.991751+00:00
adserver.adtechjp.com,AVAILABILITY,origin.list,2026-09-26 20:33:21.551688+00:00
int.vlancaa.fun,AVAILABILITY,origin.list,2026-09-26 20:33:22.278569+00:00
sbbanner.com,AVAILABILITY,origin.list,2026-09-26 20:33:24.775444+00:00
www.myad.vn,AVAILABILITY,origin.list,2026-09-26 20:33:34.221466+00:00
waufooke.com,AVAILABILITY,origin.list,2026-09-26 20:33:36.471791+00:00
native-vpaid.adxoo.com,AVAILABILITY,origin.list,2026-09-26 20:33:37.206479+00:00
devpeakomegainnovations.com,AVAILABILITY,origin.list,2026-09-26 20:33:45.660702+00:00
ogpriuleifns.com,AVAILABILITY,origin.list,2026-09-26 20:33:49.071428+00:00
service.adxoo.com,AVAILABILITY,origin.list,2026-09-26 20:33:49.927274+00:00
antxmmerxmdhu.com,AVAILABILITY,origin.list,2026-09-26 20:33:57.656696+00:00
sdk.a4.tl,AVAILABILITY,origin.list,2026-09-26 20:33:58.488956+00:00
jijswitreaqv.in,AVAILABILITY,origin.list,2026-09-26 20:34:02.157484+00:00
ytvpaid.adxoo.com,AVAILABILITY,origin.list,2026-09-26 20:34:03.005527+00:00
syndication.adxoo.com,AVAILABILITY,origin.list,2026-09-26 20:34:03.840823+00:00
tracking.adxoo.com,AVAILABILITY,origin.list,2026-09-26 20:34:04.635369+00:00
vast.adxoo.com,AVAILABILITY,origin.list,2026-09-26 20:34:05.481010+00:00
peppaping.xyz,AVAILABILITY,origin.list,2026-09-26 20:34:06.162451+00:00
okjmiqaqjakm.in,AVAILABILITY,origin.list,2026-09-26 20:34:06.371064+00:00
www.adxoo.com,AVAILABILITY,origin.list,2026-09-26 20:34:07.056633+00:00
beabsolom.com,AVAILABILITY,origin.list,2026-09-26 20:34:07.057127+00:00
lb.asianmedia.com,AVAILABILITY,origin.list,2026-09-26 20:34:07.890797+00:00
articles.asianmedia.com,AVAILABILITY,origin.list,2026-09-26 20:34:07.930284+00:00
cpanel.asianmedia.com,AVAILABILITY,origin.list,2026-09-26 20:34:08.638194+00:00
ads.kitidi.com,AVAILABILITY,origin.list,2026-09-26 20:34:08.718106+00:00
adn1.adclerks.com,AVAILABILITY,origin.list,2026-09-26 20:34:09.462721+00:00
adn2.adclerks.com,AVAILABILITY,origin.list,2026-09-26 20:34:09.518916+00:00
cdn.adclerks.com,AVAILABILITY,origin.list,2026-09-26 20:34:10.220786+00:00
share.asianmedia.com,AVAILABILITY,origin.list,2026-09-26 20:34:10.297376+00:00
ping.kitidi.com,AVAILABILITY,origin.list,2026-09-26 20:34:10.915357+00:00
exploreannihilationquicker.com,AVAILABILITY,origin.list,2026-09-26 20:34:11.676533+00:00
www.pro-ads.club,AVAILABILITY,origin.list,2026-09-26 20:34:11.848633+00:00
rqjcsnihsje.com,AVAILABILITY,origin.list,2026-09-26 20:34:23.362133+00:00
www.sbbanner.com,AVAILABILITY,origin.list,2026-09-26 20:34:34.326088+00:00
static.adclerks.com,AVAILABILITY,origin.list,2026-09-26 20:34:35.262299+00:00
meandiminutionhit.com,AVAILABILITY,origin.list,2026-09-26 20:34:35.920306+00:00
server.asianmedia.com,AVAILABILITY,origin.list,2026-09-26 20:34:36.603783+00:00
novemberseatsuccession.com,AVAILABILITY,origin.list,2026-09-26 20:34:37.314354+00:00
ptipsixo.com,AVAILABILITY,origin.list,2026-09-26 20:34:44.949677+00:00
cpx.polyad.net,AVAILABILITY,origin.list,2026-09-26 20:34:51.038097+00:00
pixel.mediaiqdigital.com,AVAILABILITY,origin.list,2026-09-26 20:34:51.910088+00:00
yoshdeum.com,AVAILABILITY,origin.list,2026-09-26 20:34:56.999306+00:00
uapafuxwnusear.com,AVAILABILITY,origin.list,2026-09-26 20:35:07.817494+00:00
tangerine.nexage.com,AVAILABILITY,origin.list,2026-09-26 20:35:12.770092+00:00
phoossax.net,AVAILABILITY,origin.list,2026-09-26 20:35:19.710705+00:00
waymarkgentiin.com,AVAILABILITY,origin.list,2026-09-26 20:35:20.283463+00:00
disp.djaxadserver.com,AVAILABILITY,origin.list,2026-09-26 20:35:21.332318+00:00
whm.asianmedia.com,AVAILABILITY,origin.list,2026-09-26 20:35:22.189311+00:00
www.adclerks.com,AVAILABILITY,origin.list,2026-09-26 20:35:22.949416+00:00
db.peshitomohr.qpon,AVAILABILITY,origin.list,2026-09-26 20:35:23.640109+00:00
vtwvtmsvpav.com,AVAILABILITY,origin.list,2026-09-26 20:35:23.678051+00:00
oj.amuletrisquee.cfd,AVAILABILITY,origin.list,2026-09-26 20:35:24.198251+00:00
beta.tapdb.com,AVAILABILITY,origin.list,2026-09-26 20:35:24.590782+00:00
pushmono.com,AVAILABILITY,origin.list,2026-09-26 20:35:25.206779+00:00
analytics.moneycat.vn,AVAILABILITY,origin.list,2026-09-26 20:35:25.400411+00:00
ciksolre.net,AVAILABILITY,origin.list,2026-09-26 20:35:32.871506+00:00
gv.habitanchowses.cyou,AVAILABILITY,origin.list,2026-09-26 20:35:33.409009+00:00
lampservice.starbre.net,AVAILABILITY,origin.list,2026-09-26 20:35:34.019015+00:00
marasgumpus.com,AVAILABILITY,origin.list,2026-09-26 20:35:34.713636+00:00
nv.shunnerencinal.shop,AVAILABILITY,origin.list,2026-09-26 20:35:37.786113+00:00
lampcfads.starbre.net,AVAILABILITY,origin.list,2026-09-26 20:35:38.408712+00:00
ayrtpmwuymzbbq.com,AVAILABILITY,origin.list,2026-09-26 20:35:43.992810+00:00
ax.mpcdn.top,AVAILABILITY,origin.list,2026-09-26 20:35:45.014474+00:00
kmfwrqdp.com,AVAILABILITY,origin.list,2026-09-26 20:35:45.581107+00:00
choupsee.com,AVAILABILITY,origin.list,2026-09-26 20:35:45.984602+00:00
mz.proxysmjameson.cfd,AVAILABILITY,origin.list,2026-09-26 20:35:46.138211+00:00
pw.oulapoat.qpon,AVAILABILITY,origin.list,2026-09-26 20:35:46.808235+00:00
connect.idocdn.com,AVAILABILITY,origin.list,2026-09-26 20:35:47.522457+00:00
www.phoossax.net,AVAILABILITY,origin.list,2026-09-26 20:35:58.097748+00:00
tracker.idocdn.com,AVAILABILITY,origin.list,2026-09-26 20:35:58.833004+00:00
basepush.com,AVAILABILITY,origin.list,2026-09-26 20:35:58.958843+00:00
clenchedyouthmatching.com,AVAILABILITY,origin.list,2026-09-26 20:35:59.456634+00:00
trac.mediaiqdigital.com,AVAILABILITY,origin.list,2026-09-26 20:35:59.598702+00:00
funoriblithe.space,AVAILABILITY,origin.list,2026-09-26 20:36:00.254026+00:00
conopidlanai.qpon,AVAILABILITY,origin.list,2026-09-26 20:36:00.784133+00:00
pebadu.com,AVAILABILITY,origin.list,2026-09-26 20:36:01.337020+00:00
ztumuvofzbfe.com,AVAILABILITY,origin.list,2026-09-26 20:36:01.988510+00:00
can-get-so.me,AVAILABILITY,origin.list,2026-09-26 20:36:02.280512+00:00
sense.tapdb.com,AVAILABILITY,origin.list,2026-09-26 20:36:02.691779+00:00
www.mobile-10.com,AVAILABILITY,origin.list,2026-09-26 20:36:03.749467+00:00
premium-adserver.djaxadserver.com,AVAILABILITY,origin.list,2026-09-26 20:36:04.838838+00:00
scripte-monster.de,AVAILABILITY,origin.list,2026-09-26 20:36:06.152035+00:00
yrhnw7h63.com,AVAILABILITY,origin.list,2026-09-26 20:36:06.873128+00:00
go1.for3e.com,AVAILABILITY,origin.list,2026-09-26 20:36:07.549540+00:00
qc.mhsolution.vn,AVAILABILITY,origin.list,2026-09-26 20:36:08.438541+00:00
mfmalergyol.com,AVAILABILITY,origin.list,2026-09-26 20:36:14.007503+00:00
pushqwer.com,AVAILABILITY,origin.list,2026-09-26 20:36:14.652447+00:00
glimtors.net,AVAILABILITY,origin.list,2026-09-26 20:36:20.220833+00:00
adtoqbuejunef.com,AVAILABILITY,origin.list,2026-09-26 20:36:20.870032+00:00
mixedreading.com,AVAILABILITY,origin.list,2026-09-26 20:36:21.518190+00:00
zogfwunf.com,AVAILABILITY,origin.list,2026-09-26 20:36:25.502150+00:00
atdxamakqo.in,AVAILABILITY,origin.list,2026-09-26 20:36:33.959189+00:00
petasusawber.com,AVAILABILITY,origin.list,2026-09-26 20:36:34.533205+00:00
cameesse.net,AVAILABILITY,origin.list,2026-09-26 20:36:35.104249+00:00
ieyipznx.art,AVAILABILITY,origin.list,2026-09-26 20:36:36.238201+00:00
oclasrv.com,AVAILABILITY,origin.list,2026-09-26 20:36:37.217066+00:00
giggedguddle.com,AVAILABILITY,origin.list,2026-09-26 20:36:37.853777+00:00
thongke.opencps.vn,AVAILABILITY,origin.list,2026-09-26 20:36:40.310192+00:00
medusaecaptan.com,AVAILABILITY,origin.list,2026-09-26 20:36:40.897977+00:00
mustardeveningobvious.com,AVAILABILITY,origin.list,2026-09-26 20:36:41.484374+00:00
xymhdmqrjxwl.com,AVAILABILITY,origin.list,2026-09-26 20:36:42.051267+00:00
nonpareilanticipatedintention.com,AVAILABILITY,origin.list,2026-09-26 20:36:42.658395+00:00
h.parrable.com,AVAILABILITY,origin.list,2026-09-26 20:36:43.264081+00:00
pushlaram.com,AVAILABILITY,origin.list,2026-09-26 20:36:43.899395+00:00
moonoafy.net,AVAILABILITY,origin.list,2026-09-26 20:36:45.042473+00:00
d3jqverr.pro,AVAILABILITY,origin.list,2026-09-26 20:36:45.445143+00:00
efficientdescent.com,AVAILABILITY,origin.list,2026-09-26 20:36:46.139964+00:00
nativepu.sh,AVAILABILITY,origin.list,2026-09-26 20:36:57.380842+00:00
propu.sh,AVAILABILITY,origin.list,2026-09-26 20:36:58.112804+00:00
api.parrable.com,AVAILABILITY,origin.list,2026-09-26 20:36:58.333737+00:00
sdk.appadhoc.com,AVAILABILITY,origin.list,2026-09-26 20:36:58.954774+00:00
tracker.toolpg.com,AVAILABILITY,origin.list,2026-09-26 20:36:59.412272+00:00
intranet.faktor.io,AVAILABILITY,origin.list,2026-09-26 20:36:59.693785+00:00
abruptroad.com,AVAILABILITY,origin.list,2026-09-26 20:37:00.048637+00:00
ak.atclauncheran.com,AVAILABILITY,origin.list,2026-09-26 20:37:00.772503+00:00
yvcchjdiqzpog.rocks,AVAILABILITY,origin.list,2026-09-26 20:37:02.230344+00:00
104processors.net,AVAILABILITY,origin.list,2026-09-26 20:37:11.076808+00:00
pi.bogtrotdowning.shop,AVAILABILITY,origin.list,2026-09-26 20:37:20.856461+00:00
pushsar.com,AVAILABILITY,origin.list,2026-09-26 20:37:21.475628+00:00
vsgpxqdqk.com,AVAILABILITY,origin.list,2026-09-26 20:37:22.894663+00:00
pushazam.com,AVAILABILITY,origin.list,2026-09-26 20:37:26.522432+00:00
a.brand.ad,AVAILABILITY,origin.list,2026-09-26 20:37:27.270374+00:00
phortaub.com,AVAILABILITY,origin.list,2026-09-26 20:37:34.603031+00:00
www.propu.sh,AVAILABILITY,origin.list,2026-09-26 20:37:40.248651+00:00
whazugho.com,AVAILABILITY,origin.list,2026-09-26 20:37:46.363780+00:00
uvopoefe.com,AVAILABILITY,origin.list,2026-09-26 20:37:51.097678+00:00
ptauxofi.net,AVAILABILITY,origin.list,2026-09-26 20:37:58.560689+00:00
2508june2024.com,AVAILABILITY,origin.list,2026-09-26 20:37:59.185616+00:00
system-notify.app,AVAILABILITY,origin.list,2026-09-26 20:37:59.734372+00:00
hj.combusteschel.shop,AVAILABILITY,origin.list,2026-09-26 20:38:09.833713+00:00
stootsou.net,AVAILABILITY,origin.list,2026-09-26 20:38:11.640567+00:00
abvfupqkyaj.in,AVAILABILITY,origin.list,2026-09-26 20:38:22.114939+00:00
sheecmimty.net,AVAILABILITY,origin.list,2026-09-26 20:38:23.300190+00:00
baithoph.net,AVAILABILITY,origin.list,2026-09-26 20:38:34.808208+00:00
ga.looserokaying.shop,AVAILABILITY,origin.list,2026-09-26 20:38:36.887108+00:00
ads.rpgdot.com,AVAILABILITY,origin.list,2026-09-26 20:38:38.534692+00:00
tkexutqf.in,AVAILABILITY,origin.list,2026-09-26 20:38:46.385634+00:00
mumazfqir.in,AVAILABILITY,origin.list,2026-09-26 20:38:46.923732+00:00
smptrffc.fyi,AVAILABILITY,origin.list,2026-09-26 20:38:48.137330+00:00
messenger-notify.digital,AVAILABILITY,origin.list,2026-09-26 20:38:52.623752+00:00
steerensout.net,AVAILABILITY,origin.list,2026-09-26 20:38:58.424094+00:00
kneeansweras.com,AVAILABILITY,origin.list,2026-09-26 20:39:04.303595+00:00
hwuhkabi.in,AVAILABILITY,origin.list,2026-09-26 20:39:10.662641+00:00
centalkochab.com,AVAILABILITY,origin.list,2026-09-26 20:39:11.273566+00:00
ak.hetahien.com,AVAILABILITY,origin.list,2026-09-26 20:39:11.991725+00:00
orqmimfug.in,AVAILABILITY,origin.list,2026-09-26 20:39:16.390148+00:00
zucoagorsout.com,AVAILABILITY,origin.list,2026-09-26 20:39:23.432336+00:00
dummieseardrum.com,AVAILABILITY,origin.list,2026-09-26 20:39:24.277337+00:00
adexpert.pixanalytics.com,AVAILABILITY,origin.list,2026-09-26 20:39:24.817095+00:00
chaipoksore.com,AVAILABILITY,origin.list,2026-09-26 20:39:36.255486+00:00
falcon.pixanalytics.com,AVAILABILITY,origin.list,2026-09-26 20:39:37.072908+00:00
stelinnhy.in,AVAILABILITY,origin.list,2026-09-26 20:39:44.937855+00:00
pixanalytics.com,AVAILABILITY,origin.list,2026-09-26 20:39:45.647981+00:00
pixnet-network-falcon.pixanalytics.com,AVAILABILITY,origin.list,2026-09-26 20:39:46.222984+00:00
cp.polyad.net,AVAILABILITY,origin.list,2026-09-26 20:39:55.549736+00:00
s.pixanalytics.com,AVAILABILITY,origin.list,2026-09-26 20:39:56.333752+00:00
jdxkcews.com,AVAILABILITY,origin.list,2026-09-26 20:39:57.215810+00:00
qrafhypxswp.com,AVAILABILITY,origin.list,2026-09-26 20:40:08.052595+00:00
appeaserepose.com,AVAILABILITY,origin.list,2026-09-26 20:40:08.765916+00:00
cidtunppinhi.in,AVAILABILITY,origin.list,2026-09-26 20:40:20.871371+00:00
verninchange.com,AVAILABILITY,origin.list,2026-09-26 20:40:21.500665+00:00
wedgierbirsit.com,AVAILABILITY,origin.list,2026-09-26 20:40:22.209138+00:00
ak.hetaruvg.com,AVAILABILITY,origin.list,2026-09-26 20:40:27.583805+00:00
dt.polyad.net,AVAILABILITY,origin.list,2026-09-26 20:40:35.989688+00:00
sumbreta.com,AVAILABILITY,origin.list,2026-09-26 20:40:36.746524+00:00
psaltauw.net,AVAILABILITY,origin.list,2026-09-26 20:40:39.372826+00:00
soggy-surround.com,AVAILABILITY,origin.list,2026-09-26 20:40:40.137505+00:00
efdldoqzzm.com,AVAILABILITY,origin.list,2026-09-26 20:40:47.565774+00:00
fadsimz.com,AVAILABILITY,origin.list,2026-09-26 20:40:48.212557+00:00
jrmkpvntxat.com,AVAILABILITY,origin.list,2026-09-26 20:40:51.066997+00:00
tsiwqtng8huauw30n.com,AVAILABILITY,origin.list,2026-09-26 20:40:51.654392+00:00
refpa4293501.top,AVAILABILITY,origin.list,2026-09-26 20:40:53.886712+00:00
ak.offstaryutor.com,AVAILABILITY,origin.list,2026-09-26 20:41:05.703118+00:00
skullhalfway.com,AVAILABILITY,origin.list,2026-09-26 20:41:06.524262+00:00
html.polyad.net,AVAILABILITY,origin.list,2026-09-26 20:41:27.509399+00:00
messagenovice.com,AVAILABILITY,origin.list,2026-09-26 20:41:28.160710+00:00
nbnbewlhy.com,AVAILABILITY,origin.list,2026-09-26 20:41:38.976805+00:00
specially4u.net,AVAILABILITY,origin.list,2026-09-26 20:41:43.206748+00:00
popunder.ru,AVAILABILITY,origin.list,2026-09-26 20:41:45.434608+00:00
sanoslkut.in,AVAILABILITY,origin.list,2026-09-26 20:41:51.421895+00:00
smptrffc.link,AVAILABILITY,origin.list,2026-09-26 20:41:52.209201+00:00
smptdrf.link,AVAILABILITY,origin.list,2026-09-26 20:41:52.997628+00:00
pnhoppacwh.com,AVAILABILITY,origin.list,2026-09-26 20:41:56.422068+00:00
ff.imacdn.com,AVAILABILITY,origin.list,2026-09-26 20:41:57.339576+00:00
vdkdxarnqiaedw.com,AVAILABILITY,origin.list,2026-09-26 20:42:03.996472+00:00
sponsor.imacdn.com,AVAILABILITY,origin.list,2026-09-26 20:42:04.900753+00:00
clicksmint.site,AVAILABILITY,origin.list,2026-09-26 20:42:05.559713+00:00
strivesidewalk.com,AVAILABILITY,origin.list,2026-09-26 20:42:06.381865+00:00
xnhhzlkr.com,AVAILABILITY,origin.list,2026-09-26 20:42:08.141616+00:00
api.pvmax.net,AVAILABILITY,origin.list,2026-09-26 20:42:19.286057+00:00
cdn.pvmax.net,AVAILABILITY,origin.list,2026-09-26 20:42:21.003575+00:00
hardlycompanionelongated.com,AVAILABILITY,origin.list,2026-09-26 20:42:21.777112+00:00
viiadr.com,AVAILABILITY,origin.list,2026-09-26 20:42:22.336258+00:00
directpaper.name,AVAILABILITY,origin.list,2026-09-26 20:42:22.995298+00:00
oxen.hillcountrytexas.com,AVAILABILITY,origin.list,2026-09-26 20:42:23.951665+00:00
giuwikxlkna.com,AVAILABILITY,origin.list,2026-09-26 20:42:30.261932+00:00
dotyruntchan.com,AVAILABILITY,origin.list,2026-09-26 20:42:35.495292+00:00
pvmax.net,AVAILABILITY,origin.list,2026-09-26 20:42:43.071807+00:00
tevitpcfav.com,AVAILABILITY,origin.list,2026-09-26 20:42:46.369101+00:00
ptoushoa.com,AVAILABILITY,origin.list,2026-09-26 20:42:47.010391+00:00
platform.jeoway.com,AVAILABILITY,origin.list,2026-09-26 20:42:47.769822+00:00
zjdpabwmeb.com,AVAILABILITY,origin.list,2026-09-26 20:42:58.779324+00:00
analytics.jeoway.com,AVAILABILITY,origin.list,2026-09-26 20:42:59.556750+00:00
jeoway.com,AVAILABILITY,origin.list,2026-09-26 20:43:00.235556+00:00
zhoyyibwywgev.one,AVAILABILITY,origin.list,2026-09-26 20:43:01.985118+00:00
www.nexage.com,AVAILABILITY,origin.list,2026-09-26 20:43:10.227846+00:00
www.jeoway.com,AVAILABILITY,origin.list,2026-09-26 20:43:11.069467+00:00
mautic.haproinfo.vn,AVAILABILITY,origin.list,2026-09-26 20:43:12.147101+00:00
unheadedsouptotal.com,AVAILABILITY,origin.list,2026-09-26 20:43:12.712897+00:00
dvmbarfzhhuyq.com,AVAILABILITY,origin.list,2026-09-26 20:43:12.809686+00:00
loazuptaice.net,AVAILABILITY,origin.list,2026-09-26 20:43:13.461742+00:00
tpnads.com,AVAILABILITY,origin.list,2026-09-26 20:43:14.174157+00:00
ak.bymetapodchan.com,AVAILABILITY,origin.list,2026-09-26 20:43:15.077552+00:00
ygdragebdimw.com,AVAILABILITY,origin.list,2026-09-26 20:43:25.885407+00:00
b0oie4xjeb4ite.com,AVAILABILITY,origin.list,2026-09-26 20:43:26.482715+00:00
depreciatorybollocksupkitchen.com,AVAILABILITY,origin.list,2026-09-26 20:43:27.182503+00:00
intendedeasiestlost.com,AVAILABILITY,origin.list,2026-09-26 20:43:27.784335+00:00
click-v4.jadspro.live,AVAILABILITY,origin.list,2026-09-26 20:43:30.566682+00:00
trenddigital.vn,AVAILABILITY,origin.list,2026-09-26 20:43:31.495764+00:00
lispaircraftcraziness.com,AVAILABILITY,origin.list,2026-09-26 20:43:32.110580+00:00
static.jadspro.live,AVAILABILITY,origin.list,2026-09-26 20:43:33.035277+00:00
mizckufx.com,AVAILABILITY,origin.list,2026-09-26 20:43:43.842781+00:00
jadspro.live,AVAILABILITY,origin.list,2026-09-26 20:43:45.523345+00:00
www.jadspro.live,AVAILABILITY,origin.list,2026-09-26 20:43:49.175897+00:00
charmshoist.com,AVAILABILITY,origin.list,2026-09-26 20:43:49.846022+00:00
dst.polyad.net,AVAILABILITY,origin.list,2026-09-26 20:43:52.446020+00:00
ndha4sding6gf.com,AVAILABILITY,origin.list,2026-09-26 20:44:04.144472+00:00
leglikedescantwonder.com,AVAILABILITY,origin.list,2026-09-26 20:44:04.723605+00:00
deviatestartblock.com,AVAILABILITY,origin.list,2026-09-26 20:44:05.358231+00:00
mobzeg.com,AVAILABILITY,origin.list,2026-09-26 20:44:05.960700+00:00
amare.agency,AVAILABILITY,origin.list,2026-09-26 20:44:07.284308+00:00
aj2576.bid,AVAILABILITY,origin.list,2026-09-26 20:44:08.111042+00:00
spurioussteam.com,AVAILABILITY,origin.list,2026-09-26 20:44:08.771542+00:00
pymx5.com,AVAILABILITY,origin.list,2026-09-26 20:44:09.406097+00:00
rupmnmephml.com,AVAILABILITY,origin.list,2026-09-26 20:44:20.260580+00:00
go.polyad.net,AVAILABILITY,origin.list,2026-09-26 20:44:29.247972+00:00
dalymix.com,AVAILABILITY,origin.list,2026-09-26 20:44:29.949764+00:00
dalysv.com,AVAILABILITY,origin.list,2026-09-26 20:44:30.582349+00:00
dalyio.com,AVAILABILITY,origin.list,2026-09-26 20:44:31.194424+00:00
pearlysweepoverface.com,AVAILABILITY,origin.list,2026-09-26 20:44:31.804437+00:00
passfixx.com,AVAILABILITY,origin.list,2026-09-26 20:44:31.897299+00:00
media.vivaclix.com,AVAILABILITY,origin.list,2026-09-26 20:44:32.611836+00:00
cdn-api.appadhoc.com,AVAILABILITY,origin.list,2026-09-26 20:44:32.801302+00:00
hhbwhgtciqe.com,AVAILABILITY,origin.list,2026-09-26 20:44:43.452209+00:00
fafeyrfqyxwivk.com,AVAILABILITY,origin.list,2026-09-26 20:44:43.664325+00:00
m.faktor.io,AVAILABILITY,origin.list,2026-09-26 20:44:44.023941+00:00
h5.appadhoc.com,AVAILABILITY,origin.list,2026-09-26 20:44:44.411094+00:00
faktornet.faktor.io,AVAILABILITY,origin.list,2026-09-26 20:44:44.608684+00:00
tracker.appadhoc.com,AVAILABILITY,origin.list,2026-09-26 20:44:45.669904+00:00
www.appadhoc.com,AVAILABILITY,origin.list,2026-09-26 20:44:46.737070+00:00
count.appadhoc.com,AVAILABILITY,origin.list,2026-09-26 20:44:47.643842+00:00
srv.vivaclix.com,AVAILABILITY,origin.list,2026-09-26 20:44:48.409715+00:00
cdn.wataads.com,AVAILABILITY,origin.list,2026-09-26 20:44:49.087747+00:00
track.vivaclix.com,AVAILABILITY,origin.list,2026-09-26 20:44:49.791998+00:00
randxogc.com,AVAILABILITY,origin.list,2026-09-26 20:44:55.598276+00:00
owbltnxzgxq.com,AVAILABILITY,origin.list,2026-09-26 20:45:00.600646+00:00
mybettermb.com,AVAILABILITY,origin.list,2026-09-26 20:45:01.337275+00:00
wataads.com,AVAILABILITY,origin.list,2026-09-26 20:45:02.012254+00:00
clodderpickmaw.com,AVAILABILITY,origin.list,2026-09-26 20:45:02.648333+00:00
nationalgausewatrust.com,AVAILABILITY,origin.list,2026-09-26 20:45:03.295128+00:00
qqzifkmsifrzll.com,AVAILABILITY,origin.list,2026-09-26 20:45:14.108408+00:00
rowvmqqqk.com,AVAILABILITY,origin.list,2026-09-26 20:45:24.927266+00:00
image.adthor.com,AVAILABILITY,origin.list,2026-09-26 20:45:25.724601+00:00
api.adthor.com,AVAILABILITY,origin.list,2026-09-26 20:45:26.560493+00:00
img.polyad.net,AVAILABILITY,origin.list,2026-09-26 20:45:31.522483+00:00
static.cbsileads.com,AVAILABILITY,origin.list,2026-09-26 20:45:32.274434+00:00
jabobdfufaqt.in,AVAILABILITY,origin.list,2026-09-26 20:45:38.440521+00:00
beacon.statful.com,AVAILABILITY,origin.list,2026-09-26 20:45:39.095283+00:00
logger.adthor.com,AVAILABILITY,origin.list,2026-09-26 20:45:39.857702+00:00
fvmfdzpwbm.com,AVAILABILITY,origin.list,2026-09-26 20:45:43.196143+00:00
static.adthor.com,AVAILABILITY,origin.list,2026-09-26 20:45:43.911071+00:00
action-rtb.ibillboard.com,AVAILABILITY,origin.list,2026-09-26 20:45:46.099265+00:00
adserver.ibillboard.com,AVAILABILITY,origin.list,2026-09-26 20:45:47.928223+00:00
bbnaut.ibillboard.com,AVAILABILITY,origin.list,2026-09-26 20:45:49.949003+00:00
sensorpluck.com,AVAILABILITY,origin.list,2026-09-26 20:45:50.681538+00:00
duvnihavrob.in,AVAILABILITY,origin.list,2026-09-26 20:45:51.981584+00:00
v.adthor.com,AVAILABILITY,origin.list,2026-09-26 20:45:52.908075+00:00
syndetstermine.com,AVAILABILITY,origin.list,2026-09-26 20:45:53.578324+00:00
bbcdn-tag.ibillboard.com,AVAILABILITY,origin.list,2026-09-26 20:45:55.805130+00:00
hnzjxjfepbpr.com,AVAILABILITY,origin.list,2026-09-26 20:46:01.671415+00:00
tqgyzwquwu.com,AVAILABILITY,origin.list,2026-09-26 20:46:06.855618+00:00
oofmhbmqdn.com,AVAILABILITY,origin.list,2026-09-26 20:46:12.552639+00:00
myesutdnuyddu.com,AVAILABILITY,origin.list,2026-09-26 20:48:36.609746+00:00
spzzsykjwgplod.com,AVAILABILITY,origin.list,2026-09-26 20:48:36.767377+00:00
yiopse.com,AVAILABILITY,origin.list,2026-09-26 20:48:37.824534+00:00
st-n.popclck.org,AVAILABILITY,origin.list,2026-09-26 20:48:38.413566+00:00
k8s2.testcentre.vn,AVAILABILITY,origin.list,2026-09-26 20:48:40.654880+00:00
bbcdn-bbnaut.ibillboard.com,AVAILABILITY,origin.list,2026-09-26 20:48:41.653988+00:00
n.popclck.org,AVAILABILITY,origin.list,2026-09-26 20:48:42.416662+00:00
api.content.ad,AVAILABILITY,origin.list,2026-09-26 20:48:43.045106+00:00
tvc.biphim.club,AVAILABILITY,origin.list,2026-09-26 20:48:46.080752+00:00
bbcdn-static-adserver.ibillboard.com,AVAILABILITY,origin.list,2026-09-26 20:48:46.459584+00:00
jp.marketolive.com,AVAILABILITY,origin.list,2026-09-26 20:48:47.704443+00:00
media.content.ad,AVAILABILITY,origin.list,2026-09-26 20:48:48.125460+00:00
classic.marketolive.com,AVAILABILITY,origin.list,2026-09-26 20:48:48.925899+00:00
infor.marketolive.com,AVAILABILITY,origin.list,2026-09-26 20:48:49.599814+00:00
partners.marketolive.com,AVAILABILITY,origin.list,2026-09-26 20:48:51.001433+00:00
www.marketolive.com,AVAILABILITY,origin.list,2026-09-26 20:48:52.402276+00:00
magento.marketolive.com,AVAILABILITY,origin.list,2026-09-26 20:48:53.755284+00:00
bbnautid2.ibillboard.com,AVAILABILITY,origin.list,2026-09-26 20:48:57.453384+00:00
fnzocmpkp.com,AVAILABILITY,origin.list,2026-09-26 20:49:00.844535+00:00
bbnautid1.ibillboard.com,AVAILABILITY,origin.list,2026-09-26 20:49:01.207202+00:00
ox-d.adtrackers.net,AVAILABILITY,origin.list,2026-09-26 20:49:02.046452+00:00
crunchyroll.adtrackers.net,AVAILABILITY,origin.list,2026-09-26 20:49:03.498604+00:00
serve.adtrackers.net,AVAILABILITY,origin.list,2026-09-26 20:49:04.987834+00:00
torrentz.adtrackers.net,AVAILABILITY,origin.list,2026-09-26 20:49:06.228908+00:00
yasni.adtrackers.net,AVAILABILITY,origin.list,2026-09-26 20:49:07.402483+00:00
wgkqywcf.com,AVAILABILITY,origin.list,2026-09-26 20:49:13.009235+00:00
yahoo.adtrackers.net,AVAILABILITY,origin.list,2026-09-26 20:49:14.306983+00:00
zoover.adtrackers.net,AVAILABILITY,origin.list,2026-09-26 20:49:15.517995+00:00
rizkigkmoa.in,AVAILABILITY,origin.list,2026-09-26 20:49:16.901428+00:00
3x2.myfastcdn.com,AVAILABILITY,origin.list,2026-09-26 20:49:18.445665+00:00
16x9.myfastcdn.com,AVAILABILITY,origin.list,2026-09-26 20:49:19.747580+00:00
4x3.myfastcdn.com,AVAILABILITY,origin.list,2026-09-26 20:49:21.013014+00:00
1x1.myfastcdn.com,AVAILABILITY,origin.list,2026-09-26 20:49:22.478956+00:00
mgyccfrshz.com,AVAILABILITY,origin.list,2026-09-26 20:49:23.497498+00:00
d3x2.myfastcdn.com,AVAILABILITY,origin.list,2026-09-26 20:49:24.792250+00:00
tomorroweducated.com,AVAILABILITY,origin.list,2026-09-26 20:49:25.920083+00:00
disrespectpreceding.com,AVAILABILITY,origin.list,2026-09-26 20:49:27.035663+00:00
orlotalers.com,AVAILABILITY,origin.list,2026-09-26 20:49:28.046933+00:00
xubchynamm.in,AVAILABILITY,origin.list,2026-09-26 20:49:28.517089+00:00
adgardener.com,AVAILABILITY,origin.list,2026-09-26 20:49:29.113721+00:00
pub.trads.io,AVAILABILITY,origin.list,2026-09-26 20:49:30.569042+00:00
app.content.ad,AVAILABILITY,origin.list,2026-09-26 20:49:30.880148+00:00
cdn.lumupu.xyz,AVAILABILITY,origin.list,2026-09-26 20:49:32.542689+00:00
ads.6svn.com,AVAILABILITY,origin.list,2026-09-26 20:49:33.641448+00:00
clientui-adserver.ibillboard.com,AVAILABILITY,origin.list,2026-09-26 20:49:34.430115+00:00
ie.purauwede.qpon,AVAILABILITY,origin.list,2026-09-26 20:49:35.805599+00:00
bbcdn-static-mbrdsp.ibillboard.com,AVAILABILITY,origin.list,2026-09-26 20:49:36.958438+00:00
ms.butylicrinsing.qpon,AVAILABILITY,origin.list,2026-09-26 20:49:37.193680+00:00
bidproxy.ibillboard.com,AVAILABILITY,origin.list,2026-09-26 20:49:41.563058+00:00
mw19c3mi5a.com,AVAILABILITY,origin.list,2026-09-26 20:49:42.667313+00:00
9gg23.com,AVAILABILITY,origin.list,2026-09-26 20:49:43.663456+00:00
resalag.com,AVAILABILITY,origin.list,2026-09-26 20:49:49.518302+00:00
roacheenazak.com,AVAILABILITY,origin.list,2026-09-26 20:49:50.698774+00:00
revstats.com,AVAILABILITY,origin.list,2026-09-26 20:49:55.818967+00:00
bbnautid3.ibillboard.com,AVAILABILITY,origin.list,2026-09-26 20:49:59.736930+00:00
forflygonom.com,AVAILABILITY,origin.list,2026-09-26 20:50:00.850800+00:00
connection1safety.com,AVAILABILITY,origin.list,2026-09-26 20:50:01.977130+00:00
syochgrqwze.com,AVAILABILITY,origin.list,2026-09-26 20:50:02.587137+00:00
ec.ballyaxche.cfd,AVAILABILITY,origin.list,2026-09-26 20:50:04.914451+00:00
kkdeldurlxjjcz.com,AVAILABILITY,origin.list,2026-09-26 20:50:13.519286+00:00
corypha.veluredcorveenikko.cfd,AVAILABILITY,origin.list,2026-09-26 20:50:14.753377+00:00
gi.bagwashhabeas.qpon,AVAILABILITY,origin.list,2026-09-26 20:50:16.219451+00:00
itheatmoran.com,AVAILABILITY,origin.list,2026-09-26 20:50:17.298447+00:00
erpqkcfvsjjyap.com,AVAILABILITY,origin.list,2026-09-26 20:50:17.431837+00:00
iy.agynarysyun.cyou,AVAILABILITY,origin.list,2026-09-26 20:50:18.761914+00:00
vc.colpwoofell.qpon,AVAILABILITY,origin.list,2026-09-26 20:50:18.970258+00:00
awjojjrimaf.in,AVAILABILITY,origin.list,2026-09-26 20:50:31.708024+00:00
kuasa.pvmax.net,AVAILABILITY,origin.list,2026-09-26 20:50:32.379108+00:00
am.teindpumpage.cfd,AVAILABILITY,origin.list,2026-09-26 20:50:33.100409+00:00
jgqpddekjd.com,AVAILABILITY,origin.list,2026-09-26 20:50:44.279518+00:00
monika.pvmax.net,AVAILABILITY,origin.list,2026-09-26 20:50:46.580850+00:00
ih.charvetseedful.shop,AVAILABILITY,origin.list,2026-09-26 20:50:51.846425+00:00
im.bailbezetta.cfd,AVAILABILITY,origin.list,2026-09-26 20:50:53.121905+00:00
xo.gippedtutelo.cyou,AVAILABILITY,origin.list,2026-09-26 20:50:54.337229+00:00
smptrffc.xyz,AVAILABILITY,origin.list,2026-09-26 20:50:55.950140+00:00
am.diecasepachas.cyou,AVAILABILITY,origin.list,2026-09-26 20:50:57.418944+00:00
www.pvmax.net,AVAILABILITY,origin.list,2026-09-26 20:50:58.650850+00:00
rumadel.com,AVAILABILITY,origin.list,2026-09-26 20:50:59.754029+00:00
kx.upturnsidoist.cyou,AVAILABILITY,origin.list,2026-09-26 20:51:01.073011+00:00
yd.yowleytapeta.shop,AVAILABILITY,origin.list,2026-09-26 20:51:02.445145+00:00
zd.navigcutler.cyou,AVAILABILITY,origin.list,2026-09-26 20:51:03.877455+00:00
lu.hymenicshi.qpon,AVAILABILITY,origin.list,2026-09-26 20:51:05.429902+00:00
qwertize.com,AVAILABILITY,origin.list,2026-09-26 20:51:06.509590+00:00
sj.coemptsruesome.shop,AVAILABILITY,origin.list,2026-09-26 20:51:07.123588+00:00
son-in-lawmorbid.com,AVAILABILITY,origin.list,2026-09-26 20:51:07.723345+00:00
ankdoier.com,AVAILABILITY,origin.list,2026-09-26 20:51:08.289375+00:00
click.eu.ankdoier.com,AVAILABILITY,origin.list,2026-09-26 20:51:09.442563+00:00
od.stimefloccus.shop,AVAILABILITY,origin.list,2026-09-26 20:51:12.750398+00:00
appservestar.com,AVAILABILITY,origin.list,2026-09-26 20:51:15.813278+00:00
infamousfine.com,AVAILABILITY,origin.list,2026-09-26 20:51:16.872155+00:00
tracking.eu.ankdoier.com,AVAILABILITY,origin.list,2026-09-26 20:51:17.947700+00:00
st.core.polyad.net,AVAILABILITY,origin.list,2026-09-26 20:51:50.103537+00:00
ru.pintidmalmy.cyou,AVAILABILITY,origin.list,2026-09-26 20:51:51.388037+00:00
c.trazk.com,AVAILABILITY,origin.list,2026-09-26 20:51:53.824648+00:00
epomapps.com,AVAILABILITY,origin.list,2026-09-26 20:51:57.099492+00:00
st.html.polyad.net,AVAILABILITY,origin.list,2026-09-26 20:51:57.387521+00:00
f.trazk.com,AVAILABILITY,origin.list,2026-09-26 20:51:59.737642+00:00
adaptationreconsider.com,AVAILABILITY,origin.list,2026-09-26 20:52:00.818142+00:00
adincube.com,AVAILABILITY,origin.list,2026-09-26 20:52:02.510308+00:00
localapi.trazk.com,AVAILABILITY,origin.list,2026-09-26 20:52:04.902943+00:00
wd.macherabemaim.shop,AVAILABILITY,origin.list,2026-09-26 20:52:05.180782+00:00
yx.mousesprepuce.shop,AVAILABILITY,origin.list,2026-09-26 20:52:08.908827+00:00
yo.hostalpitylus.shop,AVAILABILITY,origin.list,2026-09-26 20:52:14.906301+00:00
hqhxfrcxxky.com,AVAILABILITY,origin.list,2026-09-26 20:52:17.134063+00:00
yx.crappininvein.shop,AVAILABILITY,origin.list,2026-09-26 20:52:27.883488+00:00
otqmunvibzp.in,AVAILABILITY,origin.list,2026-09-26 20:52:29.810817+00:00
analytics.saas-vn.network,AVAILABILITY,origin.list,2026-09-26 20:52:31.730388+00:00
eb.koaeunhairy.shop,AVAILABILITY,origin.list,2026-09-26 20:52:32.152490+00:00
dpuplet.net,AVAILABILITY,origin.list,2026-09-26 20:52:33.429065+00:00
congnb.analytics.saas-vn.network,AVAILABILITY,origin.list,2026-09-26 20:52:33.521335+00:00
rtbidder.net,AVAILABILITY,origin.list,2026-09-26 20:52:34.655373+00:00
novel-inevitable.com,AVAILABILITY,origin.list,2026-09-26 20:52:34.668085+00:00
supapush.net,AVAILABILITY,origin.list,2026-09-26 20:52:35.766575+00:00
ahkapsalz.com,AVAILABILITY,origin.list,2026-09-26 20:52:37.020407+00:00
yldbt.com,AVAILABILITY,origin.list,2026-09-26 20:53:37.837651+00:00
ads.livetv671.me,AVAILABILITY,origin.list,2026-09-27 05:54:12.159014+00:00
ads.livetv673.me,AVAILABILITY,origin.list,2026-09-27 05:54:15.182534+00:00
www.mediazcorp.com,AVAILABILITY,origin.list,2026-09-27 05:54:18.743034+00:00
adx.hoanggia.net.vn,AVAILABILITY,origin.list,2026-09-27 05:54:22.893903+00:00
hyoswaxrtfvq.com,AVAILABILITY,origin.list,2026-09-27 05:54:35.822979+00:00
gxzkljfo.com,AVAILABILITY,origin.list,2026-09-27 05:54:39.634935+00:00
tok.vlancaa.site,AVAILABILITY,origin.list,2026-09-27 05:54:41.884792+00:00
ads.livetv676.me,AVAILABILITY,origin.list,2026-09-27 05:54:47.940811+00:00
tok.akisinn.me,AVAILABILITY,origin.list,2026-09-27 05:54:48.243593+00:00
expensivelikeness.com,AVAILABILITY,origin.list,2026-09-27 05:54:54.072676+00:00
jf71qh5v14.com,AVAILABILITY,origin.list,2026-09-27 05:54:54.297699+00:00
tok.vlancaa.fun,AVAILABILITY,origin.list,2026-09-27 05:55:00.651529+00:00
nv.vi-serve.com,AVAILABILITY,origin.list,2026-09-27 05:55:00.997499+00:00
c.vi-serve.com,AVAILABILITY,origin.list,2026-09-27 05:55:07.453657+00:00
rmmjy.rrbzvmklrzwmk.top,AVAILABILITY,origin.list,2026-09-27 05:55:07.765952+00:00
pb0.vi-serve.com,AVAILABILITY,origin.list,2026-09-27 05:55:13.708973+00:00
inpage-push.com,AVAILABILITY,origin.list,2026-09-27 05:55:19.037101+00:00
pb.vi-serve.com,AVAILABILITY,origin.list,2026-09-27 05:55:19.968252+00:00
s.vi-serve.com,AVAILABILITY,origin.list,2026-09-27 05:55:25.388220+00:00
s404-1.vi-serve.com,AVAILABILITY,origin.list,2026-09-27 05:55:26.277425+00:00
t.vi-serve.com,AVAILABILITY,origin.list,2026-09-27 05:55:31.821427+00:00
vis.vi-serve.com,AVAILABILITY,origin.list,2026-09-27 05:55:32.555436+00:00
event.getblue.io,AVAILABILITY,origin.list,2026-09-27 05:55:37.988493+00:00
ads.kabbmedia.com,AVAILABILITY,origin.list,2026-09-27 05:55:38.898672+00:00
delivery.kabbmedia.com,AVAILABILITY,origin.list,2026-09-27 05:55:44.384865+00:00
twinrdsyte.com,AVAILABILITY,origin.list,2026-09-27 05:55:44.913500+00:00
effectscouncilman.com,AVAILABILITY,origin.list,2026-09-27 05:55:51.018098+00:00
boilhumoristpacifist.com,AVAILABILITY,origin.list,2026-09-27 05:55:57.049218+00:00
zamabholqonh.in,AVAILABILITY,origin.list,2026-09-27 05:56:02.786953+00:00
images.kabbmedia.com,AVAILABILITY,origin.list,2026-09-27 05:56:03.280572+00:00
belia-glp.com,AVAILABILITY,origin.list,2026-09-27 05:56:09.170068+00:00
ads.cdn2-img.net,AVAILABILITY,origin.list,2026-09-27 05:56:09.493466+00:00
nagoverpayreimburse.com,AVAILABILITY,origin.list,2026-09-27 05:56:15.288334+00:00
ads.2mdnsys.com,AVAILABILITY,origin.list,2026-09-27 05:56:16.904307+00:00
cfa.2mdnsys.com,AVAILABILITY,origin.list,2026-09-27 05:56:22.775562+00:00
static.2mdnsys.com,AVAILABILITY,origin.list,2026-09-27 05:56:24.228591+00:00
aj2583.bid,AVAILABILITY,origin.list,2026-09-27 05:56:29.118304+00:00
mocean.mobi,AVAILABILITY,origin.list,2026-09-27 05:56:30.915193+00:00
stats.2mdnsys.com,AVAILABILITY,origin.list,2026-09-27 05:56:36.372465+00:00
hentaicounter.com,AVAILABILITY,origin.list,2026-09-27 05:56:40.183286+00:00
dbxexsnxxzwwo.com,AVAILABILITY,origin.list,2026-09-27 05:56:53.152489+00:00
pzaovfjaja.in,AVAILABILITY,origin.list,2026-09-27 05:56:58.088844+00:00
cvt.finallygotthexds.site,AVAILABILITY,origin.list,2026-09-27 05:57:04.284619+00:00
qnenxwwxzav.com,AVAILABILITY,origin.list,2026-09-27 05:57:10.107428+00:00
i.finallygotthexds.site,AVAILABILITY,origin.list,2026-09-27 05:57:16.074347+00:00
bfwzpynoz.com,AVAILABILITY,origin.list,2026-09-27 05:57:21.229145+00:00
dalysh.com,AVAILABILITY,origin.list,2026-09-27 05:57:22.185705+00:00
sympathydistinguish.com,AVAILABILITY,origin.list,2026-09-27 05:57:27.341354+00:00
hetaruvg.com,AVAILABILITY,origin.list,2026-09-27 05:57:33.126869+00:00
qzhwkhkpnpjxq.com,AVAILABILITY,origin.list,2026-09-27 05:57:44.317389+00:00
assets.deployads.com,AVAILABILITY,origin.list,2026-09-27 05:57:50.797798+00:00
c.deployads.com,AVAILABILITY,origin.list,2026-09-27 05:58:01.766160+00:00
deployads.com,AVAILABILITY,origin.list,2026-09-27 05:58:08.098930+00:00
adv.autosurf.vn,AVAILABILITY,origin.list,2026-09-27 05:58:08.512500+00:00
cjxomyilmv.com,AVAILABILITY,origin.list,2026-09-27 05:58:14.519950+00:00
d3j8pfor58pj90.cloudfront.net,AVAILABILITY,origin.list,2026-09-27 05:58:20.748603+00:00
e.deployads.com,AVAILABILITY,origin.list,2026-09-27 05:58:25.590210+00:00
prinksoncotic.com,AVAILABILITY,origin.list,2026-09-27 05:58:31.777375+00:00
frame.deployads.com,AVAILABILITY,origin.list,2026-09-27 05:58:38.410528+00:00
rmvla.rrqwarwrewrlj.top,AVAILABILITY,origin.list,2026-09-27 05:58:38.831941+00:00
o3sxhw5ad.com,AVAILABILITY,origin.list,2026-09-27 05:58:44.573999+00:00
tags.deployads.com,AVAILABILITY,origin.list,2026-09-27 05:58:56.264994+00:00
tags-cdn.deployads.com,AVAILABILITY,origin.list,2026-09-27 05:59:01.992331+00:00
shitcustody.com,AVAILABILITY,origin.list,2026-09-27 05:59:02.768968+00:00
pushmeup.art,AVAILABILITY,origin.list,2026-09-27 05:59:09.076483+00:00
cluster.adultworld.com,AVAILABILITY,origin.list,2026-09-27 05:59:15.568139+00:00
www.deployads.com,AVAILABILITY,origin.list,2026-09-27 05:59:21.039912+00:00
newt1.adultworld.com,AVAILABILITY,origin.list,2026-09-27 05:59:22.156716+00:00
reticencevaliddecoction.com,AVAILABILITY,origin.list,2026-09-27 05:59:28.596814+00:00
ofdajwabl.in,AVAILABILITY,origin.list,2026-09-27 05:59:34.285871+00:00
toeapesob.com,AVAILABILITY,origin.list,2026-09-27 05:59:34.726294+00:00
manpowerspiritualunrented.com,AVAILABILITY,origin.list,2026-09-27 05:59:40.408508+00:00
cdn.uponelectabuzzor.club,AVAILABILITY,origin.list,2026-09-27 05:59:42.928481+00:00
lmajm.lbylqerzmzlzq.top,AVAILABILITY,origin.list,2026-09-27 05:59:47.382791+00:00
videocdnshop.com,AVAILABILITY,origin.list,2026-09-27 05:59:49.033909+00:00
sl.maundysinon.cyou,AVAILABILITY,origin.list,2026-09-27 05:59:53.838125+00:00
w.1igzn4xcl7fne6b.cfd,AVAILABILITY,origin.list,2026-09-27 06:00:00.129090+00:00
sortable.com,AVAILABILITY,origin.list,2026-09-27 06:00:01.730749+00:00
new-twinks.com,AVAILABILITY,origin.list,2026-09-27 06:00:06.489141+00:00
g0push.com,AVAILABILITY,origin.list,2026-09-27 06:00:07.975562+00:00
vd.bundthoecake.cyou,AVAILABILITY,origin.list,2026-09-27 06:00:12.870887+00:00
guihua-china.com,AVAILABILITY,origin.list,2026-09-27 06:00:13.988543+00:00
mattockpackall.com,AVAILABILITY,origin.list,2026-09-27 06:00:19.031317+00:00
track.hydro.online,AVAILABILITY,origin.list,2026-09-27 06:00:20.318194+00:00
rest.content.ad,AVAILABILITY,origin.list,2026-09-27 06:00:26.173266+00:00
theeptoah.com,AVAILABILITY,origin.list,2026-09-27 06:00:26.453052+00:00
t.lumupu.xyz,AVAILABILITY,origin.list,2026-09-27 06:00:33.174520+00:00
barapolaran.shop,AVAILABILITY,origin.list,2026-09-27 06:00:42.843012+00:00
outoctillerytor.com,AVAILABILITY,origin.list,2026-09-27 06:00:44.033644+00:00
partners.content.ad,AVAILABILITY,origin.list,2026-09-27 06:00:50.934071+00:00
bbnautid4.ibillboard.com,AVAILABILITY,origin.list,2026-09-27 06:00:52.303166+00:00
swift.lifestreet.com,AVAILABILITY,origin.list,2026-09-27 06:00:57.993958+00:00
tracker-adserver.ibillboard.com,AVAILABILITY,origin.list,2026-09-27 06:01:01.140758+00:00
clk.kau.li,AVAILABILITY,origin.list,2026-09-27 06:01:04.767919+00:00
ad.kau.li,AVAILABILITY,origin.list,2026-09-27 06:01:11.182416+00:00
click.kau.li,AVAILABILITY,origin.list,2026-09-27 06:01:17.596730+00:00
yzamhsczcvjoc.com,AVAILABILITY,origin.list,2026-09-27 06:01:17.671375+00:00
pixel.kau.li,AVAILABILITY,origin.list,2026-09-27 06:01:24.104234+00:00
www.content.ad,AVAILABILITY,origin.list,2026-09-27 06:01:24.962546+00:00
cache.addthiscdn.com,AVAILABILITY,origin.list,2026-09-27 06:01:30.139215+00:00
www.asdpoi.com,AVAILABILITY,origin.list,2026-09-27 06:01:38.241414+00:00
txjqlpch.com,AVAILABILITY,origin.list,2026-09-27 06:01:41.654819+00:00
analytics.kau.li,AVAILABILITY,origin.list,2026-09-27 06:01:44.310848+00:00
rtb.kau.li,AVAILABILITY,origin.list,2026-09-27 06:01:48.148359+00:00
y.kau.li,AVAILABILITY,origin.list,2026-09-27 06:01:50.740708+00:00
static-mbrdsp.ibillboard.com,AVAILABILITY,origin.list,2026-09-27 06:01:56.845567+00:00
client.addthiscdn.com,AVAILABILITY,origin.list,2026-09-27 06:01:56.882802+00:00
widgets.asdpoi.com,AVAILABILITY,origin.list,2026-09-27 06:02:04.088960+00:00
js.kau.li,AVAILABILITY,origin.list,2026-09-27 06:02:10.548737+00:00
yzybyozmuhh.com,AVAILABILITY,origin.list,2026-09-27 06:02:13.699315+00:00
analytics.truffle.bid,AVAILABILITY,origin.list,2026-09-27 06:02:20.000307+00:00
ui-ssp.ibillboard.com,AVAILABILITY,origin.list,2026-09-27 06:02:20.097208+00:00
satisfactorymetalrub.com,AVAILABILITY,origin.list,2026-09-27 06:02:26.124901+00:00
appealtime.com,AVAILABILITY,origin.list,2026-09-27 06:02:32.259815+00:00
boldchat.com,AVAILABILITY,origin.list,2026-09-27 06:02:37.776960+00:00
brazenwholly.com,AVAILABILITY,origin.list,2026-09-27 06:02:38.326972+00:00
cdn.truffle.bid,AVAILABILITY,origin.list,2026-09-27 06:02:44.267912+00:00
s.kau.li,AVAILABILITY,origin.list,2026-09-27 06:02:44.718890+00:00
ofhappinyer.com,AVAILABILITY,origin.list,2026-09-27 06:02:50.389566+00:00
offclaydolon.com,AVAILABILITY,origin.list,2026-09-27 06:02:50.826659+00:00
d19ptbnuzhibkh.cloudfront.net,AVAILABILITY,origin.list,2026-09-27 06:02:56.450603+00:00
prod.adtechjp.com,AVAILABILITY,origin.list,2026-09-27 06:02:57.472383+00:00
2443march2024.com,AVAILABILITY,origin.list,2026-09-27 06:03:03.911013+00:00
video-adserver.ibillboard.com,AVAILABILITY,origin.list,2026-09-27 06:03:05.268203+00:00
papaneecorche.com,AVAILABILITY,origin.list,2026-09-27 06:03:10.150791+00:00
ads.livetv655.me,AVAILABILITY,origin.list,2026-09-27 06:03:12.165707+00:00
pixel.admobclick.com,AVAILABILITY,origin.list,2026-09-27 06:03:16.526958+00:00
ads.livetv658.me,AVAILABILITY,origin.list,2026-09-27 06:03:23.951329+00:00
zwecnsakdbr.com,AVAILABILITY,origin.list,2026-09-27 06:03:29.090323+00:00
admobclick.com,AVAILABILITY,origin.list,2026-09-27 06:03:30.218846+00:00
cdn.easyads28.mobi,AVAILABILITY,origin.list,2026-09-27 06:03:36.498228+00:00
lvesfrucnt.com,AVAILABILITY,origin.list,2026-09-27 06:03:47.258829+00:00
ceksevairs.com,AVAILABILITY,origin.list,2026-09-27 06:03:53.862987+00:00
pq8ithtdw.com,AVAILABILITY,origin.list,2026-09-27 06:03:59.876902+00:00
ewhareey.com,AVAILABILITY,origin.list,2026-09-27 06:04:00.479124+00:00
www.admobclick.com,AVAILABILITY,origin.list,2026-09-27 06:04:06.175909+00:00
mkkvprwskq.com,AVAILABILITY,origin.list,2026-09-27 06:04:06.824371+00:00
t.easyads28.mobi,AVAILABILITY,origin.list,2026-09-27 06:04:13.538725+00:00
poshhateful.com,AVAILABILITY,origin.list,2026-09-27 06:04:19.781710+00:00
hccxwfunnpxngz.com,AVAILABILITY,origin.list,2026-09-27 06:04:22.912454+00:00
kaffnet.com,AVAILABILITY,origin.list,2026-09-27 06:04:26.157922+00:00
admarket.network,AVAILABILITY,origin.list,2026-09-27 06:04:29.539076+00:00
www.admarket.network,AVAILABILITY,origin.list,2026-09-27 06:04:33.129480+00:00
qrlsx.com,AVAILABILITY,origin.list,2026-09-27 06:04:35.631318+00:00
clientinfo.phimmoizz.net,AVAILABILITY,origin.list,2026-09-27 06:04:39.319314+00:00
v3.qrlsx.com,AVAILABILITY,origin.list,2026-09-27 06:04:42.089177+00:00
vo2.qrlsx.com,AVAILABILITY,origin.list,2026-09-27 06:04:48.533001+00:00
customers.fptad.com,AVAILABILITY,origin.list,2026-09-27 06:04:49.365883+00:00
img.customers.fptad.com,AVAILABILITY,origin.list,2026-09-27 06:04:57.427276+00:00
mautic.serverhub.vn,AVAILABILITY,origin.list,2026-09-27 06:04:58.803111+00:00
nessainy.net,AVAILABILITY,origin.list,2026-09-27 06:05:04.806346+00:00
static.customers.fptad.com,AVAILABILITY,origin.list,2026-09-27 06:05:06.752434+00:00
brief.mediaz.vn,AVAILABILITY,origin.list,2026-09-27 06:05:11.580124+00:00
perfoliateratchetspecial.com,AVAILABILITY,origin.list,2026-09-27 06:05:12.905204+00:00
denetsuk.com,AVAILABILITY,origin.list,2026-09-27 06:05:17.718980+00:00
report.mediaz.vn,AVAILABILITY,origin.list,2026-09-27 06:05:19.930520+00:00
ksvjmvrjjo.com,AVAILABILITY,origin.list,2026-09-27 06:05:34.634009+00:00
witvfaojpzi.in,AVAILABILITY,origin.list,2026-09-27 06:05:37.857810+00:00
proof.mediaz.vn,AVAILABILITY,origin.list,2026-09-27 06:05:44.742908+00:00
pekajmkimvx.com,AVAILABILITY,origin.list,2026-09-27 06:05:51.284238+00:00
ueikno.com,AVAILABILITY,origin.list,2026-09-27 06:05:57.429499+00:00
orylhull.com,AVAILABILITY,origin.list,2026-09-27 06:06:02.056972+00:00
advertiseradserver.djaxadserver.com,AVAILABILITY,origin.list,2026-09-27 06:06:08.363883+00:00
fbgbskzvbvzokr.com,AVAILABILITY,origin.list,2026-09-27 06:06:14.169027+00:00
api.unthem.com,AVAILABILITY,origin.list,2026-09-27 06:06:18.396363+00:00
mob.djaxadserver.com,AVAILABILITY,origin.list,2026-09-27 06:06:24.675810+00:00
dm.djaxadserver.com,AVAILABILITY,origin.list,2026-09-27 06:06:30.986391+00:00
potsaglu.net,AVAILABILITY,origin.list,2026-09-27 06:06:32.031017+00:00
pyicbcxvs.com,AVAILABILITY,origin.list,2026-09-27 06:06:47.822614+00:00
snugglethesheep.com,AVAILABILITY,origin.list,2026-09-27 06:06:49.572977+00:00
analytics.zatomac.vn,AVAILABILITY,origin.list,2026-09-27 06:06:54.465316+00:00
snuff-brownsprintcountry.com,AVAILABILITY,origin.list,2026-09-27 06:06:55.690961+00:00
mobilesdk.djaxadserver.com,AVAILABILITY,origin.list,2026-09-27 06:07:02.052272+00:00
sotchoum.com,AVAILABILITY,origin.list,2026-09-27 06:07:11.763518+00:00
omciecoa37tw4.com,AVAILABILITY,origin.list,2026-09-27 06:07:19.926583+00:00
rtb.djaxadserver.com,AVAILABILITY,origin.list,2026-09-27 06:07:26.625229+00:00
waisheph.com,AVAILABILITY,origin.list,2026-09-27 06:07:29.357349+00:00
get-here-click.xyz,AVAILABILITY,origin.list,2026-09-27 06:07:33.515512+00:00
redri.net,AVAILABILITY,origin.list,2026-09-27 06:07:39.574234+00:00
734map.net,AVAILABILITY,origin.list,2026-09-27 06:07:46.550696+00:00
welcomingaccompanyeffort.com,AVAILABILITY,origin.list,2026-09-27 06:07:52.906981+00:00
bytefrom2010.com,AVAILABILITY,origin.list,2026-09-27 06:07:56.840741+00:00
childhoodstudioconversation.com,AVAILABILITY,origin.list,2026-09-27 06:07:59.222700+00:00
quicksandear.com,AVAILABILITY,origin.list,2026-09-27 06:08:03.140152+00:00
whairtoa.com,AVAILABILITY,origin.list,2026-09-27 06:08:14.552282+00:00
geoqvcybdtn.com,AVAILABILITY,origin.list,2026-09-27 06:08:16.156799+00:00
brightcriticism.com,AVAILABILITY,origin.list,2026-09-27 06:08:20.869487+00:00
proceduresto3.net,AVAILABILITY,origin.list,2026-09-27 06:08:33.484118+00:00
xnocffar.com,AVAILABILITY,origin.list,2026-09-27 06:08:38.106596+00:00
wgtyvqbfkxg.com,AVAILABILITY,origin.list,2026-09-27 06:08:51.079360+00:00
soumehoo.net,AVAILABILITY,origin.list,2026-09-27 06:08:55.565038+00:00
zikroarg.com,AVAILABILITY,origin.list,2026-09-27 06:09:02.062280+00:00
cgqcuskbtcusxl.com,AVAILABILITY,origin.list,2026-09-27 06:09:12.532334+00:00
mzyvyjsq.com,AVAILABILITY,origin.list,2026-09-27 06:11:50.431225+00:00
hetapus.com,AVAILABILITY,origin.list,2026-09-27 14:20:22.475929+00:00
cresfpho2ntesepapillo3.com,AVAILABILITY,origin.list,2026-09-27 14:21:39.017015+00:00
frykyuoqcto.com,AVAILABILITY,origin.list,2026-09-27 14:22:06.599829+00:00
fruhujma.in,AVAILABILITY,origin.list,2026-09-27 14:22:08.442596+00:00
sinisterbatchoddly.com,AVAILABILITY,origin.list,2026-09-27 14:23:27.830077+00:00
crunchyroll.bannertrack.net,AVAILABILITY,origin.list,2026-09-27 14:24:20.026613+00:00
ox-d.bannertrack.net,AVAILABILITY,origin.list,2026-09-27 14:24:22.692808+00:00
torrentz.bannertrack.net,AVAILABILITY,origin.list,2026-09-27 14:24:25.731686+00:00
serve.bannertrack.net,AVAILABILITY,origin.list,2026-09-27 14:24:28.690885+00:00
yahoo.bannertrack.net,AVAILABILITY,origin.list,2026-09-27 14:24:31.512895+00:00
yasni.bannertrack.net,AVAILABILITY,origin.list,2026-09-27 14:24:34.388818+00:00
zoover.bannertrack.net,AVAILABILITY,origin.list,2026-09-27 14:24:37.281897+00:00
ads.epltalk.com,AVAILABILITY,origin.list,2026-09-27 14:24:41.827746+00:00
ausoafab.net,AVAILABILITY,origin.list,2026-09-27 14:24:43.016387+00:00
sheltermilligrammillions.com,AVAILABILITY,origin.list,2026-09-27 14:24:47.732194+00:00
zyuwjxerthht.com,AVAILABILITY,origin.list,2026-09-27 14:24:59.012415+00:00
media.evolv.ai,AVAILABILITY,origin.list,2026-09-27 19:58:08.243674+00:00
participants.evolv.ai,AVAILABILITY,origin.list,2026-09-27 19:58:11.915418+00:00
adnetasia.com,AVAILABILITY,origin.list,2026-09-27 19:58:14.388218+00:00
evzhzppj5kel.com,AVAILABILITY,origin.list,2026-09-27 19:58:18.271623+00:00
lem-computers.net,AVAILABILITY,origin.list,2026-09-27 19:58:24.431797+00:00
crabbychin.com,AVAILABILITY,origin.list,2026-09-27 19:58:27.976849+00:00
knkkpmtdesg.com,AVAILABILITY,origin.list,2026-09-27 19:58:30.541712+00:00
traktrafficflow.com,AVAILABILITY,origin.list,2026-09-27 19:58:34.389049+00:00
dnemkhkbsdbl.com,AVAILABILITY,origin.list,2026-09-27 19:58:36.515600+00:00
aerodynomach.com,AVAILABILITY,origin.list,2026-09-27 19:58:40.446859+00:00
biggedchocard.com,AVAILABILITY,origin.list,2026-09-27 19:58:42.641961+00:00
bondleapedoasis.com,AVAILABILITY,origin.list,2026-09-27 19:58:46.569674+00:00
ak.hetapus.com,AVAILABILITY,origin.list,2026-09-27 19:58:53.962776+00:00
creamssicsite.com,AVAILABILITY,origin.list,2026-09-27 19:58:57.507573+00:00
muermoabject.shop,AVAILABILITY,origin.list,2026-09-27 19:59:09.695769+00:00
540creative.net,AVAILABILITY,origin.list,2026-09-27 19:59:14.914560+00:00
foxtlytvs.com,AVAILABILITY,origin.list,2026-09-27 19:59:26.581048+00:00
templatein13.net,AVAILABILITY,origin.list,2026-09-27 19:59:32.308423+00:00
uz.louchefunnel.shop,AVAILABILITY,origin.list,2026-09-27 19:59:37.535485+00:00
afrxixlnj.com,AVAILABILITY,origin.list,2026-09-27 19:59:46.863443+00:00
rosysolvingscallion.com,AVAILABILITY,origin.list,2026-09-27 19:59:52.895010+00:00
dxtnqglxrio.com,AVAILABILITY,origin.list,2026-09-27 19:59:54.607713+00:00
solutions2000.com,AVAILABILITY,origin.list,2026-09-27 20:00:10.586207+00:00
oblolrvce.in,AVAILABILITY,origin.list,2026-09-27 20:00:12.548838+00:00
adv.baovemoitruong.org.vn,AVAILABILITY,origin.list,2026-09-27 20:00:22.407565+00:00
gmhyebojlimvqbc.com,AVAILABILITY,origin.list,2026-09-27 20:00:23.788012+00:00
dmdxzdhu.com,AVAILABILITY,origin.list,2026-09-27 20:00:39.329251+00:00
astraon255.net,AVAILABILITY,origin.list,2026-09-27 20:00:43.800252+00:00
zenkreka.com,AVAILABILITY,origin.list,2026-09-27 20:00:49.948199+00:00
itletroec.com,AVAILABILITY,origin.list,2026-09-27 20:00:56.481524+00:00
blackbrake.com,AVAILABILITY,origin.list,2026-09-27 20:01:02.930622+00:00
afzotfwramzy.in,AVAILABILITY,origin.list,2026-09-27 20:01:07.574804+00:00
wucdrynukof.in,AVAILABILITY,origin.list,2026-09-27 20:01:20.562511+00:00
fsxmidyo.com,AVAILABILITY,origin.list,2026-09-27 20:01:24.504524+00:00
hxgqqxopf.com,AVAILABILITY,origin.list,2026-09-27 20:01:30.542247+00:00
rkopcipugj.in,AVAILABILITY,origin.list,2026-09-27 20:01:34.471952+00:00
pzpvweoxjm.com,AVAILABILITY,origin.list,2026-09-27 20:01:47.438189+00:00
rbergego.com,AVAILABILITY,origin.list,2026-09-27 20:01:51.322337+00:00
jpwrashuzfstxc.com,AVAILABILITY,origin.list,2026-09-27 20:02:04.601562+00:00
siweieoyjl.com,AVAILABILITY,origin.list,2026-09-27 20:02:08.717126+00:00
eghnybyvn.com,AVAILABILITY,origin.list,2026-09-27 20:02:14.762507+00:00
qpizuvmta.com,AVAILABILITY,origin.list,2026-09-27 20:02:21.498759+00:00
u1pmt.com,AVAILABILITY,origin.list,2026-09-27 20:02:27.559001+00:00
vnumlkbuujd.com,AVAILABILITY,origin.list,2026-09-27 20:02:31.734365+00:00
matching.truffle.bid,AVAILABILITY,origin.list,2026-09-27 20:02:33.478902+00:00
sharebar.addthiscdn.com,AVAILABILITY,origin.list,2026-09-27 20:02:37.748415+00:00
track.analytics-data.io,AVAILABILITY,origin.list,2026-09-27 20:02:43.791765+00:00
banners.dine.com,AVAILABILITY,origin.list,2026-09-27 20:02:50.110503+00:00
970vantage.net,AVAILABILITY,origin.list,2026-09-27 20:02:50.981858+00:00
940functions.net,AVAILABILITY,origin.list,2026-09-27 20:03:07.374242+00:00
jitqwooztonj.in,AVAILABILITY,origin.list,2026-09-27 20:03:08.763647+00:00
js-sdk.analytics-data.io,AVAILABILITY,origin.list,2026-09-27 20:03:13.828607+00:00
client-uat.addthiscdn.com,AVAILABILITY,origin.list,2026-09-27 20:03:14.956343+00:00
s400.mxcdn.net,AVAILABILITY,origin.list,2026-09-27 20:03:20.157850+00:00
whoursie.com,AVAILABILITY,origin.list,2026-09-27 20:03:32.176622+00:00
rsxekbcl.com,AVAILABILITY,origin.list,2026-09-27 20:03:37.446741+00:00
px2.4cinsights.com,AVAILABILITY,origin.list,2026-09-27 20:03:38.284533+00:00
materialplayground.com,AVAILABILITY,origin.list,2026-09-27 20:03:43.460500+00:00
s385.mxcdn.net,AVAILABILITY,origin.list,2026-09-27 20:03:44.591429+00:00
benzeinlune.com,AVAILABILITY,origin.list,2026-09-27 20:03:49.542536+00:00
ads.livetv782.me,AVAILABILITY,origin.list,2026-09-27 20:03:51.070851+00:00
detachmentoccasionedarena.com,AVAILABILITY,origin.list,2026-09-27 20:03:55.536806+00:00
www.bitmedianetwork.com,AVAILABILITY,origin.list,2026-09-27 20:04:01.763083+00:00
int.vlancaa.site,AVAILABILITY,origin.list,2026-09-27 20:04:07.928396+00:00
yqtwaijdussajr.com,AVAILABILITY,origin.list,2026-09-27 20:04:07.950595+00:00
v.zcoup.com,AVAILABILITY,origin.list,2026-09-27 20:04:13.961188+00:00
terra8nb.com,AVAILABILITY,origin.list,2026-09-27 20:04:20.031056+00:00
303bus.net,AVAILABILITY,origin.list,2026-09-27 20:04:25.472603+00:00
image.zcoup.com,AVAILABILITY,origin.list,2026-09-27 20:04:31.221465+00:00
logger.zcoup.com,AVAILABILITY,origin.list,2026-09-27 20:04:37.232981+00:00
2021group.com,AVAILABILITY,origin.list,2026-09-27 20:04:42.910904+00:00
api.zcoup.com,AVAILABILITY,origin.list,2026-09-27 20:04:48.864247+00:00
industries78.net,AVAILABILITY,origin.list,2026-09-27 20:04:54.544868+00:00
ugtflnqn.com,AVAILABILITY,origin.list,2026-09-27 20:05:06.416304+00:00
jsudwyjduktw.com,AVAILABILITY,origin.list,2026-09-27 20:05:07.533615+00:00
zcoup.com,AVAILABILITY,origin.list,2026-09-27 20:05:13.473450+00:00
serve.adnetasia.com,AVAILABILITY,origin.list,2026-09-27 20:05:19.493880+00:00
toglooman.com,AVAILABILITY,origin.list,2026-09-27 20:05:23.687590+00:00
crunchyroll.adnetasia.com,AVAILABILITY,origin.list,2026-09-27 20:05:25.547902+00:00
torrentz.adnetasia.com,AVAILABILITY,origin.list,2026-09-27 20:05:29.750272+00:00
yahoo.adnetasia.com,AVAILABILITY,origin.list,2026-09-27 20:05:35.769571+00:00
onemboaran.com,AVAILABILITY,origin.list,2026-09-27 20:05:38.421798+00:00
ox-d.adnetasia.com,AVAILABILITY,origin.list,2026-09-27 20:05:41.770456+00:00
yasni.adnetasia.com,AVAILABILITY,origin.list,2026-09-27 20:05:44.473175+00:00
aj2142.online,AVAILABILITY,origin.list,2026-09-27 20:05:47.720819+00:00
aj1863.online,AVAILABILITY,origin.list,2026-09-27 20:05:54.731001+00:00
aj1754.online,AVAILABILITY,origin.list,2026-09-27 20:06:00.632810+00:00
claroly75.com,AVAILABILITY,origin.list,2026-09-27 20:06:01.753864+00:00
zoover.adnetasia.com,AVAILABILITY,origin.list,2026-09-27 20:06:06.638829+00:00
aos.gop1.co,AVAILABILITY,origin.list,2026-09-27 20:06:07.864814+00:00
cdn.bidfilter.com,AVAILABILITY,origin.list,2026-09-27 20:06:12.765468+00:00
g.gop1.co,AVAILABILITY,origin.list,2026-09-27 20:06:18.926073+00:00
datatoreplicas.com,AVAILABILITY,origin.list,2026-09-27 20:06:25.093546+00:00
app2.jeoway.net,AVAILABILITY,origin.list,2026-09-27 20:06:28.306907+00:00
aj2498.online,AVAILABILITY,origin.list,2026-09-27 20:06:31.260877+00:00
img.gop1.co,AVAILABILITY,origin.list,2026-09-27 20:06:34.403399+00:00
geo.gop1.co,AVAILABILITY,origin.list,2026-09-27 20:06:37.506004+00:00
aj2412.online,AVAILABILITY,origin.list,2026-09-27 20:06:40.541912+00:00
gop1.co,AVAILABILITY,origin.list,2026-09-27 20:06:46.766101+00:00
offer.gop1.co,AVAILABILITY,origin.list,2026-09-27 20:06:52.853780+00:00
orbor700.com,AVAILABILITY,origin.list,2026-09-27 20:06:54.898878+00:00
nmasyykbucqj.com,AVAILABILITY,origin.list,2026-09-27 20:07:06.078442+00:00
phfzhmcuazx.com,AVAILABILITY,origin.list,2026-09-27 20:07:11.866981+00:00
gadskis.com,AVAILABILITY,origin.list,2026-09-27 20:07:12.229907+00:00
log.gop1.co,AVAILABILITY,origin.list,2026-09-27 20:07:18.311582+00:00
pro-ads.club,AVAILABILITY,origin.list,2026-09-27 20:07:21.559612+00:00
fqboclyjc.com,AVAILABILITY,origin.list,2026-09-27 20:07:35.228408+00:00
yrocvgqilrmowj.com,AVAILABILITY,origin.list,2026-09-27 20:07:38.460444+00:00
fadskiz.com,AVAILABILITY,origin.list,2026-09-27 20:07:41.310284+00:00
count.advinci.net,AVAILABILITY,origin.list,2026-09-27 20:07:44.398698+00:00
madsecz.com,AVAILABILITY,origin.list,2026-09-27 20:07:50.353267+00:00
s.optvx.com,AVAILABILITY,origin.list,2026-09-27 20:07:56.576663+00:00
unsungpolicy.com,AVAILABILITY,origin.list,2026-09-27 20:07:58.585062+00:00
advinci.net,AVAILABILITY,origin.list,2026-09-27 20:08:04.560540+00:00
gtuzanksz.com,AVAILABILITY,origin.list,2026-09-27 20:08:13.887068+00:00
main.optvx.com,AVAILABILITY,origin.list,2026-09-27 20:08:20.068415+00:00
oamoameevee.net,AVAILABILITY,origin.list,2026-09-27 20:08:22.012017+00:00
ajxx91.online,AVAILABILITY,origin.list,2026-09-27 20:08:26.089258+00:00
in1.gop1.co,AVAILABILITY,origin.list,2026-09-27 20:08:28.113612+00:00
www.advinci.net,AVAILABILITY,origin.list,2026-09-27 20:08:32.264310+00:00
m.optvx.com,AVAILABILITY,origin.list,2026-09-27 20:08:38.268551+00:00
jaixajhu.com,AVAILABILITY,origin.list,2026-09-27 20:08:45.574388+00:00
filter.adservme.com,AVAILABILITY,origin.list,2026-09-27 20:08:45.732936+00:00
ads.adservme.com,AVAILABILITY,origin.list,2026-09-27 20:08:52.754729+00:00
azzadgasf.in,AVAILABILITY,origin.list,2026-09-27 20:08:59.604622+00:00
rtb-apac.adservme.com,AVAILABILITY,origin.list,2026-09-27 20:09:00.177379+00:00
go.mobytrks.com,AVAILABILITY,origin.list,2026-09-27 20:09:05.581718+00:00
jkykczdwuchq.com,AVAILABILITY,origin.list,2026-09-27 20:09:17.098901+00:00
rtb-eu.adservme.com,AVAILABILITY,origin.list,2026-09-27 20:09:17.966724+00:00
nwfnsitaes.com,AVAILABILITY,origin.list,2026-09-27 20:09:34.039748+00:00
musiccounter.ru,AVAILABILITY,origin.list,2026-09-27 20:09:39.055475+00:00
mobytrks.com,AVAILABILITY,origin.list,2026-09-27 20:09:40.124420+00:00
static.lalaping.com,AVAILABILITY,origin.list,2026-09-27 20:09:44.997411+00:00
infinity13.com,AVAILABILITY,origin.list,2026-09-27 20:09:57.379070+00:00
rrejalojkc.in,AVAILABILITY,origin.list,2026-09-27 20:10:02.812072+00:00
static.adservme.com,AVAILABILITY,origin.list,2026-09-27 20:10:04.728855+00:00
dsp.adservme.com,AVAILABILITY,origin.list,2026-09-27 20:10:12.056720+00:00
lalaping.com,AVAILABILITY,origin.list,2026-09-27 20:10:18.088310+00:00
nuzoqxlu.in,AVAILABILITY,origin.list,2026-09-27 20:10:20.431770+00:00
c.mstorer.net,AVAILABILITY,origin.list,2026-09-27 20:10:26.565021+00:00
rtb-uswest.adservme.com,AVAILABILITY,origin.list,2026-09-27 20:10:30.315161+00:00
rtb.adservme.com,AVAILABILITY,origin.list,2026-09-27 20:10:33.876531+00:00
i.imstks.com,AVAILABILITY,origin.list,2026-09-27 20:10:36.364654+00:00
mstorer.net,AVAILABILITY,origin.list,2026-09-27 20:10:40.074905+00:00
t.imstks.com,AVAILABILITY,origin.list,2026-09-27 20:10:42.451785+00:00
xml-g.adservme.com,AVAILABILITY,origin.list,2026-09-27 20:10:47.217015+00:00
rtb-g.adservme.com,AVAILABILITY,origin.list,2026-09-27 20:10:49.754703+00:00
uswest.rtb.adservme.com,AVAILABILITY,origin.list,2026-09-27 20:10:54.770486+00:00
imstks.com,AVAILABILITY,origin.list,2026-09-27 20:11:00.775441+00:00
ei.imstks.com,AVAILABILITY,origin.list,2026-09-27 20:11:06.953970+00:00
ejnhhchykjfyyle.com,AVAILABILITY,origin.list,2026-09-27 20:11:07.051126+00:00
www.imstks.com,AVAILABILITY,origin.list,2026-09-27 20:11:13.122251+00:00
m.mstorer.net,AVAILABILITY,origin.list,2026-09-27 20:11:19.244281+00:00
cnawrtrimk.com,AVAILABILITY,origin.list,2026-09-27 20:11:23.847819+00:00
native-vpaid.winadx.com,AVAILABILITY,origin.list,2026-09-27 20:11:25.278104+00:00
ssp.adservme.com,AVAILABILITY,origin.list,2026-09-27 20:11:31.226245+00:00
cdn.appier.xyz,AVAILABILITY,origin.list,2026-09-27 20:11:37.380466+00:00
wdqhdqtlxu.com,AVAILABILITY,origin.list,2026-09-27 20:11:42.423643+00:00
aixq-ps-sdk.appier.xyz,AVAILABILITY,origin.list,2026-09-27 20:11:43.622517+00:00
service.winadx.com,AVAILABILITY,origin.list,2026-09-27 20:11:48.377628+00:00
rewarded.winadx.com,AVAILABILITY,origin.list,2026-09-27 20:11:54.414575+00:00
tracking.winadx.com,AVAILABILITY,origin.list,2026-09-27 20:12:00.432252+00:00
xmafrihkua.in,AVAILABILITY,origin.list,2026-09-27 20:12:01.566511+00:00
xml.adservme.com,AVAILABILITY,origin.list,2026-09-27 20:12:08.645470+00:00
traffic-serv.winadx.com,AVAILABILITY,origin.list,2026-09-27 20:12:14.655217+00:00
gylxwpwabgp.com,AVAILABILITY,origin.list,2026-09-27 20:12:17.285632+00:00
vpaid.winadx.com,AVAILABILITY,origin.list,2026-09-27 20:12:23.189026+00:00
syndication.winadx.com,AVAILABILITY,origin.list,2026-09-27 20:12:23.371847+00:00
winadx.com,AVAILABILITY,origin.list,2026-09-27 20:12:29.386808+00:00
ytvpaid.winadx.com,AVAILABILITY,origin.list,2026-09-27 20:12:35.406918+00:00
rcyopmpfef.in,AVAILABILITY,origin.list,2026-09-27 20:12:40.998542+00:00
aixq-streamlit.appier.xyz,AVAILABILITY,origin.list,2026-09-27 20:12:41.628615+00:00
www.winadx.com,AVAILABILITY,origin.list,2026-09-27 20:12:47.124897+00:00
click.showcasethat.com,AVAILABILITY,origin.list,2026-09-27 20:12:47.601310+00:00
xml.showcasethat.com,AVAILABILITY,origin.list,2026-09-27 20:12:53.074363+00:00
tvc-vpaid.winadx.com,AVAILABILITY,origin.list,2026-09-27 20:12:53.608634+00:00
btguqecoelukltw.com,AVAILABILITY,origin.list,2026-09-27 20:13:06.636269+00:00
